<?xml version="1.0" encoding="UTF-8"?>
<bom serialNumber="urn:uuid:d70b2960-81e8-3a71-93ac-c0d9931ab54f" version="1" xmlns="http://cyclonedx.org/schema/bom/1.6">
  <metadata>
    <lifecycles>
      <lifecycle>
        <phase>build</phase>
      </lifecycle>
    </lifecycles>
    <tools>
      <components>
        <component type="library">
          <author>OWASP Foundation</author>
          <group>org.cyclonedx</group>
          <name>cyclonedx-maven-plugin</name>
          <version>2.9.1</version>
          <description>CycloneDX Maven plugin</description>
          <hashes>
            <hash alg="MD5">9c7a565cf28cce58557d0c621c5ea4b1</hash>
            <hash alg="SHA-1">be882d5a22050bfa9d19090b1420c188617d0e1c</hash>
            <hash alg="SHA-256">698e0f37184a5b28c245c4065fd036dfce253b52f82fbb7113d81d36326cc249</hash>
            <hash alg="SHA-512">c0f0b11026858166f872a2eb54719492e5cecaa0bc9cd6b30b3ecb4a174eed220f4a1b5829d18d6734128e778d3cb3db7ffed177c92866133129cb29081814a0</hash>
            <hash alg="SHA-384">d80964707dfe5caca8c70521d5066f57589304c0a657e6fbc7c0614ea0fc7b3b3dbe7778361eee0f54ba111e9cb0ffcb</hash>
            <hash alg="SHA3-384">80bc3a275d9514bc457461ff52a72add8c7ecbbc01d8912efce57139016c544ee776981851be0a58fa977ab4221f703f</hash>
            <hash alg="SHA3-256">142317d6f245390f4fd2d0c100b16281b8dfc5c0c2cff86943bdcc97039cb699</hash>
            <hash alg="SHA3-512">af0fb9137c90b65d1a07f72e4d51ae509956cdb8800f35c961b037cdda1fe4a14ce3b496cef71ba85f1621affcfe29cd42704ae4191ff0b090a9602087c8997b</hash>
          </hashes>
        </component>
      </components>
    </tools>
    <component type="library" bom-ref="pkg:maven/org.apache.logging.log4j/log4j-cassandra@2.25.0?type=jar">
      <publisher>The Apache Software Foundation</publisher>
      <group>org.apache.logging.log4j</group>
      <name>log4j-cassandra</name>
      <version>2.25.0</version>
      <description>Cassandra appender for Log4j.</description>
      <licenses>
        <license>
          <id>Apache-2.0</id>
          <url>https://www.apache.org/licenses/LICENSE-2.0</url>
        </license>
      </licenses>
      <purl>pkg:maven/org.apache.logging.log4j/log4j-cassandra@2.25.0?type=jar</purl>
      <externalReferences>
        <reference type="vulnerability-assertion">
          <url>https://logging.apache.org/cyclonedx/vdr.xml</url>
        </reference>
        <reference type="website">
          <url>https://logging.apache.org/log4j/2.x/</url>
        </reference>
        <reference type="build-system">
          <url>https://github.com/apache/logging-log4j2/actions</url>
        </reference>
        <reference type="distribution">
          <url>https://logging.apache.org/log4j/2.x/download.html</url>
        </reference>
        <reference type="distribution-intake">
          <url>https://repository.apache.org/service/local/staging/deploy/maven2</url>
        </reference>
        <reference type="issue-tracker">
          <url>https://github.com/apache/logging-log4j2/issues</url>
        </reference>
        <reference type="mailing-list">
          <url>https://lists.apache.org/list.html?log4j-user@logging.apache.org</url>
        </reference>
        <reference type="vcs">
          <url>https://github.com/apache/logging-log4j2</url>
        </reference>
      </externalReferences>
    </component>
    <properties>
      <property name="maven.goal">makeBom</property>
      <property name="maven.scopes">compile,provided,runtime,system</property>
      <property name="cdx:reproducible">enabled</property>
    </properties>
  </metadata>
  <components>
    <component type="library" bom-ref="pkg:maven/org.apache.logging.log4j/log4j-core@2.25.0?type=jar">
      <publisher>The Apache Software Foundation</publisher>
      <group>org.apache.logging.log4j</group>
      <name>log4j-core</name>
      <version>2.25.0</version>
      <description>A versatile, industrial-grade, and reference implementation of the Log4j API.
    It bundles a rich set of components to assist various use cases:
    Appenders targeting files, network sockets, databases, SMTP servers;
    Layouts that can render CSV, HTML, JSON, Syslog, etc. formatted outputs;
    Filters that can be configured using log event rates, regular expressions, scripts, time, etc.
    It contains several extension points to introduce custom components, if needed.</description>
      <scope>required</scope>
      <hashes>
        <hash alg="MD5">91208e5de00a69d02a3bac39470707b1</hash>
        <hash alg="SHA-1">2fe857a3f68108eb7f1d9e88b91eca0a952a75d6</hash>
        <hash alg="SHA-256">05d3eecb9e509fd47117c0fb43c7b4b2989b28ecd5543ad5feff2e4903d3c921</hash>
        <hash alg="SHA-512">57eca2f75e18cd8b55cb17be81a9adc4eb6ebbcb116fa1f6587033262b4c6af4d8e6ec27d98b6b7cc7c9130c569404f04b51f0afa0ec25a5b71e2731c4941dd2</hash>
        <hash alg="SHA-384">b8cb1451fb5741779ea9b0dc0fdeb7f4f17b31edb777060de9bdd9bfcd406ce6317ae21ca781a9fef2f6cd77a3cd97be</hash>
        <hash alg="SHA3-384">c72b386bc09eb8d53d8c1fe1cceaa2a6536e7b95369aaf733589a677d28392426a652cc25418b9340c4426b9ddedf825</hash>
        <hash alg="SHA3-256">71c6863f8d4fae211108236d712b26c7e98f5ecd13a0d41ecdbae3adcc706dcf</hash>
        <hash alg="SHA3-512">2551a998349859291fe8f6057db38f3d7b61ad2c1250e438579667dca8d6a1754e2b734f3cf7056624e89d94d6ddbd37e01db29590e054c67ca2d6f785da5694</hash>
      </hashes>
      <licenses>
        <license>
          <id>Apache-2.0</id>
          <url>https://www.apache.org/licenses/LICENSE-2.0</url>
        </license>
      </licenses>
      <purl>pkg:maven/org.apache.logging.log4j/log4j-core@2.25.0?type=jar</purl>
      <externalReferences>
        <reference type="website">
          <url>https://logging.apache.org/log4j/2.x/</url>
        </reference>
        <reference type="build-system">
          <url>https://github.com/apache/logging-log4j2/actions</url>
        </reference>
        <reference type="issue-tracker">
          <url>https://github.com/apache/logging-log4j2/issues</url>
        </reference>
        <reference type="mailing-list">
          <url>https://lists.apache.org/list.html?log4j-user@logging.apache.org</url>
        </reference>
        <reference type="vcs">
          <url>https://github.com/apache/logging-log4j2</url>
        </reference>
      </externalReferences>
    </component>
    <component type="library" bom-ref="pkg:maven/org.apache.logging.log4j/log4j-api@2.25.0?type=jar">
      <publisher>The Apache Software Foundation</publisher>
      <group>org.apache.logging.log4j</group>
      <name>log4j-api</name>
      <version>2.25.0</version>
      <description>The logging API of the Log4j project.
    Library and application code can log through this API.
    It contains a simple built-in implementation (`SimpleLogger`) for trivial use cases.
    Production applications are recommended to use Log4j API in combination with a fully-fledged implementation, such as Log4j Core.</description>
      <scope>required</scope>
      <hashes>
        <hash alg="MD5">e41902fc49a685989853ccd12e47a88e</hash>
        <hash alg="SHA-1">da64d32ee42b8d7760fc6ca8ba72042096ffbc28</hash>
        <hash alg="SHA-256">0393e32167240eb56597a2016446928755729f1a181046cab5d42a81d0e3d909</hash>
        <hash alg="SHA-512">9e0c7bfd1d5e2de4d42635ab1ef1778117b65ae657ca8dbbbe0812f8be0c8829016624df1d3b03b977c381c2f48368a879a55b7ab8e6249b3215db94a4492f1d</hash>
        <hash alg="SHA-384">82bf5caca1d7f64f6b97241409f800eac13a5065bcf5bda35ccfa2782e3bd8ba7ba1e51a453d7be565cfb4116bbed0b3</hash>
        <hash alg="SHA3-384">388c98c6c44ab154c7deb3d986ccf706eebf332e23a6619df0aa783fbf939d3d9682c03ee8810a8a98353b200cfe32ff</hash>
        <hash alg="SHA3-256">db40803fec0c598caae3772ee520718e7d44dfedf34b204c72b883e368214862</hash>
        <hash alg="SHA3-512">3b2db30422c2ce0510962ca00c1361ebc7c6158caae68aa93c2fae2a89af554975dff64a7f2763cf80f0d32caf27a388e8e1b2bcc24b798cb63f79d3d36ce426</hash>
      </hashes>
      <licenses>
        <license>
          <id>Apache-2.0</id>
          <url>https://www.apache.org/licenses/LICENSE-2.0</url>
        </license>
      </licenses>
      <purl>pkg:maven/org.apache.logging.log4j/log4j-api@2.25.0?type=jar</purl>
      <externalReferences>
        <reference type="website">
          <url>https://logging.apache.org/log4j/2.x/</url>
        </reference>
        <reference type="build-system">
          <url>https://github.com/apache/logging-log4j2/actions</url>
        </reference>
        <reference type="issue-tracker">
          <url>https://github.com/apache/logging-log4j2/issues</url>
        </reference>
        <reference type="mailing-list">
          <url>https://lists.apache.org/list.html?log4j-user@logging.apache.org</url>
        </reference>
        <reference type="vcs">
          <url>https://github.com/apache/logging-log4j2</url>
        </reference>
      </externalReferences>
    </component>
    <component type="library" bom-ref="pkg:maven/com.datastax.cassandra/cassandra-driver-core@3.11.5?type=jar">
      <group>com.datastax.cassandra</group>
      <name>cassandra-driver-core</name>
      <version>3.11.5</version>
      <description>A driver for Apache Cassandra 1.2+ that works exclusively with the Cassandra Query Language version 3
        (CQL3) and Cassandra's binary protocol.</description>
      <scope>required</scope>
      <hashes>
        <hash alg="MD5">5911538987df74bb84f07739a422ac05</hash>
        <hash alg="SHA-1">c676f6dcab4638fc067845ac530f78b98c3d7b1d</hash>
        <hash alg="SHA-256">6d22c0dfe19f039604f4e0483f32cc413f468addfbbfa143a7748f290adf7d1e</hash>
        <hash alg="SHA-512">73e1b03f899f8aebee1846f257e1a006b98bfeffcd7997cf420d25f4e25e6738097ad2f3a2ac740509a9c0c7bc4ffa0e082fac41937530c558a6e223f78ca339</hash>
        <hash alg="SHA-384">310b5347c0180c9ae4158095d448d00c46a610496e0e9dd3fdf3999cf0b197ca748671ef3e481c3d1bcb11b2e93d50fc</hash>
        <hash alg="SHA3-384">53aa3a96641e5307ea03393578d75982b89bfc3d3976f381c5b37acc2f72073377aff25ee035e313d25de204ec2507e4</hash>
        <hash alg="SHA3-256">d536c3a199f55a64fd7f5f38525532725f38ff983d9a4a4fd466b08994474a98</hash>
        <hash alg="SHA3-512">6e55fabb0d8b942f7da3125addc3ebcc69723daa3bcc265dd0f9aaf9fa149ba7aa90e5225c7f54d4b972e50e6258b058cfc79160a669932aa00b774eb5642c22</hash>
      </hashes>
      <licenses>
        <license>
          <id>Apache-2.0</id>
        </license>
      </licenses>
      <purl>pkg:maven/com.datastax.cassandra/cassandra-driver-core@3.11.5?type=jar</purl>
      <externalReferences>
        <reference type="website">
          <url>https://github.com/datastax/java-driver/cassandra-driver-core</url>
        </reference>
        <reference type="distribution-intake">
          <url>https://oss.sonatype.org/service/local/staging/deploy/maven2/</url>
        </reference>
        <reference type="vcs">
          <url>https://github.com/datastax/java-driver/cassandra-driver-core</url>
        </reference>
      </externalReferences>
    </component>
    <component type="library" bom-ref="pkg:maven/io.netty/netty-handler@4.1.94.Final?type=jar">
      <publisher>The Netty Project</publisher>
      <group>io.netty</group>
      <name>netty-handler</name>
      <version>4.1.94.Final</version>
      <description>Netty is an asynchronous event-driven network application framework for
    rapid development of maintainable high performance protocol servers and
    clients.</description>
      <scope>required</scope>
      <hashes>
        <hash alg="MD5">a14971bf68e4a755bc3abd954973c7ad</hash>
        <hash alg="SHA-1">cd9121ce24d6d3f2898946d04b0ef3ec548b00b4</hash>
        <hash alg="SHA-256">8e50719a9ab89e33ef85c5f36d780e0d7056b3f768b07d261d87baed7094eb3c</hash>
        <hash alg="SHA-512">3accbdc6793b2cc4f2c402846f8c0a96b325eb2bb26a6e7c0e9b85bbbf4ea4f34b9bfeec915bcb2c93eb5598b5f7550c705780ec9b46bc5886ab8c790c97efb5</hash>
        <hash alg="SHA-384">df838b82ea7a0e6160dbd612770160565d529c9ea94942b00ed1bd36c43c4e2388100761187ea1b93969b2dc9c42c850</hash>
        <hash alg="SHA3-384">c07869b8a332e33b5ad008ad70c1507cf981769abbf4593b0d73bdd3bee65aa79f552c5464713b29b21da6ab51b544ca</hash>
        <hash alg="SHA3-256">c590aa3098d357fc1d59c710799b37d3a5d370ea2fc133be8511b283759ed07b</hash>
        <hash alg="SHA3-512">ac226fd565c7934b4efdb7388231a462cbef6fc1c4fec97561666a58d133a13eaa24790adbba5c49e9c08c019af5aa5244fa4cd09f5a3ebd324134f60beef09d</hash>
      </hashes>
      <licenses>
        <license>
          <id>Apache-2.0</id>
        </license>
      </licenses>
      <purl>pkg:maven/io.netty/netty-handler@4.1.94.Final?type=jar</purl>
      <externalReferences>
        <reference type="website">
          <url>https://netty.io/netty-handler/</url>
        </reference>
        <reference type="distribution-intake">
          <url>https://oss.sonatype.org/service/local/staging/deploy/maven2/</url>
        </reference>
        <reference type="vcs">
          <url>https://github.com/netty/netty/netty-handler</url>
        </reference>
      </externalReferences>
    </component>
    <component type="library" bom-ref="pkg:maven/io.netty/netty-common@4.1.94.Final?type=jar">
      <publisher>The Netty Project</publisher>
      <group>io.netty</group>
      <name>netty-common</name>
      <version>4.1.94.Final</version>
      <description>Netty is an asynchronous event-driven network application framework for
    rapid development of maintainable high performance protocol servers and
    clients.</description>
      <scope>required</scope>
      <hashes>
        <hash alg="MD5">d526d21e0aff6c31fbc49bc08b0a9648</hash>
        <hash alg="SHA-1">ad4ecf779ebc794cd351f57792f56ea01387b868</hash>
        <hash alg="SHA-256">cb8d84a3e63aea90d0d7a333a02e50ac751d2b05db55745d981b5eff893f647b</hash>
        <hash alg="SHA-512">14b1cd643eb538df5d70731a43a683b6346519e5b9c2d26109225c710917315fa2d9ea54166f7276c1d08fec0f9c08569703b1afe1c8f62f1cf1b97552c7c29e</hash>
        <hash alg="SHA-384">03f31a8e56fcfb2b6693775066fe970507bc1d2c584247b149a3f8e9692cf1fb915a2e53d36dfa2ed83110da6e077a5f</hash>
        <hash alg="SHA3-384">9b38ea085493d9baaa4941ee7330b36b323a8f36782299e173b6afe22d3b6246d2f7f9dc554e507e0a25c1f4693bdd49</hash>
        <hash alg="SHA3-256">bde864b1707065043fd3a83e61eb962c2ea7fd3a4ea0cce77ffa55357512c603</hash>
        <hash alg="SHA3-512">7a4b4fe5e3d73ac75fea2e684de6dc6f32e94873e585299583c898f7a7401c998c530bd287fb2519a1f0b688845ba2c140c01c268f473047db90e7993b5590c4</hash>
      </hashes>
      <licenses>
        <license>
          <id>Apache-2.0</id>
        </license>
      </licenses>
      <purl>pkg:maven/io.netty/netty-common@4.1.94.Final?type=jar</purl>
      <externalReferences>
        <reference type="website">
          <url>https://netty.io/netty-common/</url>
        </reference>
        <reference type="distribution-intake">
          <url>https://oss.sonatype.org/service/local/staging/deploy/maven2/</url>
        </reference>
        <reference type="vcs">
          <url>https://github.com/netty/netty/netty-common</url>
        </reference>
      </externalReferences>
    </component>
    <component type="library" bom-ref="pkg:maven/io.netty/netty-resolver@4.1.94.Final?type=jar">
      <publisher>The Netty Project</publisher>
      <group>io.netty</group>
      <name>netty-resolver</name>
      <version>4.1.94.Final</version>
      <description>Netty is an asynchronous event-driven network application framework for
    rapid development of maintainable high performance protocol servers and
    clients.</description>
      <scope>required</scope>
      <hashes>
        <hash alg="MD5">54c962d5f603415a4db185525699b52b</hash>
        <hash alg="SHA-1">e96f649e8e9dcb29a1f8e95328b99c9eb6cf76c2</hash>
        <hash alg="SHA-256">bd26e9bc5e94e2d3974a93fdf921658eff4f033bfd4c5208607760ab54298617</hash>
        <hash alg="SHA-512">f690539898e4244e409c1898b525a07e4d1f909d08762ccb7e2d1e1734e5688c355e364c61e02186230dccc9ce5b7ec5dfee6ff8afcd40a87ca129f567238377</hash>
        <hash alg="SHA-384">e16a50b2ec6ec2624ba1b44b5b13e9267c825d8cb5a69f270293b48b05a0d87d716239c971ffb84371218689a6f8016a</hash>
        <hash alg="SHA3-384">0a3c99948e19a57562879c5ee7b51b97f4f582ba5fdbf4cb213dba11325b1eef3de76be9961de3351d0da4a4c1075c0c</hash>
        <hash alg="SHA3-256">107b0cdd516c17d3b9f1aab11e98b860eb4c787ce6bf9d1d3123cb6d8e6571d2</hash>
        <hash alg="SHA3-512">0073f32ce95d3b971d0b4848cf669cf728a0382c0b778eb6f6497c2c8f6d51615f05f1dc38c3d84885dafd3f1c5b4de4fe5e7eec29203ae6316193a9a0c3b2b7</hash>
      </hashes>
      <licenses>
        <license>
          <id>Apache-2.0</id>
        </license>
      </licenses>
      <purl>pkg:maven/io.netty/netty-resolver@4.1.94.Final?type=jar</purl>
      <externalReferences>
        <reference type="website">
          <url>https://netty.io/netty-resolver/</url>
        </reference>
        <reference type="distribution-intake">
          <url>https://oss.sonatype.org/service/local/staging/deploy/maven2/</url>
        </reference>
        <reference type="vcs">
          <url>https://github.com/netty/netty/netty-resolver</url>
        </reference>
      </externalReferences>
    </component>
    <component type="library" bom-ref="pkg:maven/io.netty/netty-buffer@4.1.94.Final?type=jar">
      <publisher>The Netty Project</publisher>
      <group>io.netty</group>
      <name>netty-buffer</name>
      <version>4.1.94.Final</version>
      <description>Netty is an asynchronous event-driven network application framework for
    rapid development of maintainable high performance protocol servers and
    clients.</description>
      <scope>required</scope>
      <hashes>
        <hash alg="MD5">6cec7855a7c9138bf69c3be6c1da7bc1</hash>
        <hash alg="SHA-1">eec248b26f16e888688e5bb37b7eeda76b78d2f7</hash>
        <hash alg="SHA-256">8066ee7c49f9f29da96ee62f7cb13bee022cb4b68e51437b33da3b6d01398f13</hash>
        <hash alg="SHA-512">2cc792a097a074d9c484fc93c17551531c09d2b0dfa17a66ef79300d7d5a396ec4effcd1a1a12151017601d77152857766accaa583005f6e19beacdf48b8ab82</hash>
        <hash alg="SHA-384">a8a55c0050890f22401de91c13d6fb1d5902720e60dfc997e276b42de5e11f0950e4ce9f45809ac7ee8dc700d2ed0013</hash>
        <hash alg="SHA3-384">1a425b2d97757e85f2390fd4cfd9d9e46e196142fa7526fc804ca8db48d40ebbb4c95a965e7804af07ce4e492b9fe4e9</hash>
        <hash alg="SHA3-256">c3d04d8bd58cd7f21e76f1d470835f017b960dc4e67eb7ef433fe86c2ae5c9ec</hash>
        <hash alg="SHA3-512">12fc2aeb2671b4873bb31dc9af9fd55b09ebc578152d2b39dbc9a40db41a66b87f98a7237f2f6627fdf8d4ffa3d193ee6f3523abae102b40867ace1f2090e017</hash>
      </hashes>
      <licenses>
        <license>
          <id>Apache-2.0</id>
        </license>
      </licenses>
      <purl>pkg:maven/io.netty/netty-buffer@4.1.94.Final?type=jar</purl>
      <externalReferences>
        <reference type="website">
          <url>https://netty.io/netty-buffer/</url>
        </reference>
        <reference type="distribution-intake">
          <url>https://oss.sonatype.org/service/local/staging/deploy/maven2/</url>
        </reference>
        <reference type="vcs">
          <url>https://github.com/netty/netty/netty-buffer</url>
        </reference>
      </externalReferences>
    </component>
    <component type="library" bom-ref="pkg:maven/io.netty/netty-transport@4.1.94.Final?type=jar">
      <publisher>The Netty Project</publisher>
      <group>io.netty</group>
      <name>netty-transport</name>
      <version>4.1.94.Final</version>
      <description>Netty is an asynchronous event-driven network application framework for
    rapid development of maintainable high performance protocol servers and
    clients.</description>
      <scope>required</scope>
      <hashes>
        <hash alg="MD5">f900b6a0a8b1ee7636c0939bdc0b14f3</hash>
        <hash alg="SHA-1">ec783a737f96991a87b1d5794e2f9eb2024d708a</hash>
        <hash alg="SHA-256">a75afa84ca35a50225991b39e6b6278186e612f7a2a0c0e981de523aaac516a4</hash>
        <hash alg="SHA-512">77850536225464700e76bb76a40cf34971fbdc7d587c07dc6906e39d945b6cff4d35258a560fa63856b3ab4267b03a64697b4d6dc663c3e21cef257e54228a71</hash>
        <hash alg="SHA-384">0dc4327ebbdfea71502a666a9e7f3b24475c65151e58d34f4b7fbdef3e5e8ee8c48e377c970fd1dcc5e1ab6fedf576fa</hash>
        <hash alg="SHA3-384">442ed225247ae75d8a6d0b3b2ce2533853e5fbbe847afbc0b1dcbb510d4188c2f9ba22faa8ce206600430b423ca73063</hash>
        <hash alg="SHA3-256">4e38720ca2f9890224d48ebae23eae3a7e894573c08f3de8808f084034be370f</hash>
        <hash alg="SHA3-512">a6a35beed87489c4a7b48bf041501f9e147d00987e205ba8e42684e13b51c2840d4e321a99feaa666550db9a2aa4680f6ddf614ff733e8c834406c20b38d1998</hash>
      </hashes>
      <licenses>
        <license>
          <id>Apache-2.0</id>
        </license>
      </licenses>
      <purl>pkg:maven/io.netty/netty-transport@4.1.94.Final?type=jar</purl>
      <externalReferences>
        <reference type="website">
          <url>https://netty.io/netty-transport/</url>
        </reference>
        <reference type="distribution-intake">
          <url>https://oss.sonatype.org/service/local/staging/deploy/maven2/</url>
        </reference>
        <reference type="vcs">
          <url>https://github.com/netty/netty/netty-transport</url>
        </reference>
      </externalReferences>
    </component>
    <component type="library" bom-ref="pkg:maven/io.netty/netty-transport-native-unix-common@4.1.94.Final?type=jar">
      <publisher>The Netty Project</publisher>
      <group>io.netty</group>
      <name>netty-transport-native-unix-common</name>
      <version>4.1.94.Final</version>
      <description>Static library which contains common unix utilities.</description>
      <scope>required</scope>
      <hashes>
        <hash alg="MD5">eff21db54e8454137f29330063ca4b49</hash>
        <hash alg="SHA-1">3fa5f9d04b6b782d869d6e0657d896eeadca5866</hash>
        <hash alg="SHA-256">27d0dff1cd743190279becacfb372fe4d45b266edafad9f1c6c01b04d00280eb</hash>
        <hash alg="SHA-512">371c04261df001319e9f020108ec55717102aa362fb08737591f6fdf7c88ea692e2c4bafb7491a930394a87add4e912d9795fd3dd579c42c91d9eb08328a58ca</hash>
        <hash alg="SHA-384">5a6bd8f0e6900695070e8f8541df691c7d329bdf79501e2f05c5f4192014c42869632fdaa0abc48fd92899817ecb1bd6</hash>
        <hash alg="SHA3-384">9331471fd1a2f4450e74b2335077151dc2e6f61dfdae5febef58b3bfcaa5327e4e62b4b077b61434fd7d0528501bfb08</hash>
        <hash alg="SHA3-256">9a084357fac2e5cb52f3725425a4ef0f1400bcb9d54c25dc62efabb8ab388239</hash>
        <hash alg="SHA3-512">680c8ad190a712b9f86588623ef6f1287e31fcd6b74aa308794f97b29fac1e409cba04f0c4d6c84e60c128d76b480bd15c055892d51cd9263e4380c10dc3153b</hash>
      </hashes>
      <licenses>
        <license>
          <id>Apache-2.0</id>
        </license>
      </licenses>
      <purl>pkg:maven/io.netty/netty-transport-native-unix-common@4.1.94.Final?type=jar</purl>
      <externalReferences>
        <reference type="website">
          <url>https://netty.io/netty-transport-native-unix-common/</url>
        </reference>
        <reference type="distribution-intake">
          <url>https://oss.sonatype.org/service/local/staging/deploy/maven2/</url>
        </reference>
        <reference type="vcs">
          <url>https://github.com/netty/netty/netty-transport-native-unix-common</url>
        </reference>
      </externalReferences>
    </component>
    <component type="library" bom-ref="pkg:maven/io.netty/netty-codec@4.1.94.Final?type=jar">
      <publisher>The Netty Project</publisher>
      <group>io.netty</group>
      <name>netty-codec</name>
      <version>4.1.94.Final</version>
      <description>Netty is an asynchronous event-driven network application framework for
    rapid development of maintainable high performance protocol servers and
    clients.</description>
      <scope>required</scope>
      <hashes>
        <hash alg="MD5">af82f1a2a359af02df205f3e4d69ae37</hash>
        <hash alg="SHA-1">c70ef20ca338558147887df60f46341bc47f6900</hash>
        <hash alg="SHA-256">91243776ad68b4d8e39eafb9ec115e1b8fa9aecd147b12ef15bb691639498328</hash>
        <hash alg="SHA-512">a6b29cd1079e94e334fe689148e8c6c39168fee5fa41044bac8fc554a77997f89453a22348fb82bbc4311d2a5c88cf8cc990a322a18fe2fda1d2e17bc1413204</hash>
        <hash alg="SHA-384">b26223f37a89d5a0658032ae724ccdc862287a7ff1dbe71fae9599b9c4277e5de95cd14ae4900d24b569f5d6206043c8</hash>
        <hash alg="SHA3-384">4bdc005a8686f25ebfec7db5ab6396058c14dad931e9b5ada0c7277e5be14dcb9728d1ccb45a36b1b584b5a83a6dda2b</hash>
        <hash alg="SHA3-256">7cb3018062227779ae8b4ee5e1c2adab51240bde9bf49b73ffc0d9f964f03a49</hash>
        <hash alg="SHA3-512">b7356a14872cf279c8b94b437f033d38bf24c323a6af5e33d463697e5095f18f22e87da245b375faaa2d05e26036fc47255032b31960f76a5cc282e21745b4a6</hash>
      </hashes>
      <licenses>
        <license>
          <id>Apache-2.0</id>
        </license>
      </licenses>
      <purl>pkg:maven/io.netty/netty-codec@4.1.94.Final?type=jar</purl>
      <externalReferences>
        <reference type="website">
          <url>https://netty.io/netty-codec/</url>
        </reference>
        <reference type="distribution-intake">
          <url>https://oss.sonatype.org/service/local/staging/deploy/maven2/</url>
        </reference>
        <reference type="vcs">
          <url>https://github.com/netty/netty/netty-codec</url>
        </reference>
      </externalReferences>
    </component>
    <component type="library" bom-ref="pkg:maven/com.google.guava/guava@25.1-jre?type=jar">
      <group>com.google.guava</group>
      <name>guava</name>
      <version>25.1-jre</version>
      <description>Guava is a suite of core and expanded libraries that include
    utility classes, google's collections, io classes, and much
    much more.</description>
      <scope>required</scope>
      <hashes>
        <hash alg="MD5">da3838847d109ac435f0d3ed4ae1c794</hash>
        <hash alg="SHA-1">6c57e4b22b44e89e548b5c9f70f0c45fe10fb0b4</hash>
        <hash alg="SHA-256">6db0c3a244c397429c2e362ea2837c3622d5b68bb95105d37c21c36e5bc70abf</hash>
        <hash alg="SHA-512">429ceeec0350ba98e2b089b8b70ded2ec570c3a684894a7545d10592c1c7be42dacd1fad8b2cb9123aa3612575ce1b56e1bb54923443fc293f8e9adeac2762ee</hash>
        <hash alg="SHA-384">57b005fe59cd91aa0166a7bd1bb4478607501bc96cb336d417638df871b212e0c9ddd129c31c82b9ca6079ba0f12988a</hash>
        <hash alg="SHA3-384">a4c632c455312cea7f86ae342978c88bf3a5374e7426b274dae7ae01de61bbe4cf84a8bbcadfcc89e9d928851509651b</hash>
        <hash alg="SHA3-256">d9629737300b1ff7267f48870aa625bad526b33c6963e647168b5f11836d3f6b</hash>
        <hash alg="SHA3-512">cee5737a7db40e9cf65fe02c0d45d8b565b1db107ea33cbab80d663e5a8ef3bbb3a963f05a2e22a3670ec14b92d70a957085850cc3fe19f751e8d83c66fe6e79</hash>
      </hashes>
      <licenses>
        <license>
          <id>Apache-2.0</id>
        </license>
      </licenses>
      <purl>pkg:maven/com.google.guava/guava@25.1-jre?type=jar</purl>
      <externalReferences>
        <reference type="website">
          <url>https://github.com/google/guava/guava</url>
        </reference>
        <reference type="build-system">
          <url>https://travis-ci.org/google/guava</url>
        </reference>
        <reference type="distribution-intake">
          <url>https://oss.sonatype.org/service/local/staging/deploy/maven2/</url>
        </reference>
        <reference type="issue-tracker">
          <url>https://github.com/google/guava/issues</url>
        </reference>
        <reference type="vcs">
          <url>https://github.com/google/guava/guava</url>
        </reference>
      </externalReferences>
    </component>
    <component type="library" bom-ref="pkg:maven/org.checkerframework/checker-qual@2.0.0?type=jar">
      <group>org.checkerframework</group>
      <name>checker-qual</name>
      <version>2.0.0</version>
      <description>Checker Qual is the set of annotations (qualifiers) and supporting classes
        used by the Checker Framework to type check Java source code.  Please
        see artifact:
        org.checkerframework:checker</description>
      <scope>required</scope>
      <hashes>
        <hash alg="MD5">94fe1af76c10006fbc5b988180b71bf0</hash>
        <hash alg="SHA-1">518929596ee3249127502a8573b2e008e2d51ed3</hash>
        <hash alg="SHA-256">fc8441632f5fa5537492c9f026d1c8b1adb6a7796f46031b04b4cc0622427995</hash>
        <hash alg="SHA-512">3c38b0b9e0bde464268cff5fdb1894a048240b039093ee3abe5b32976a22737d26b355f8793f630a7f0b319fdb019a6fcd9ee1d5219676f0f10c0b0f496b61b7</hash>
        <hash alg="SHA-384">dd7ff4f34f935fae9982a1520efe1ac79e7bcd92bbad13f45c99a1147ef8264e5bf78d482f891117c0fabfe3b79cd9b1</hash>
        <hash alg="SHA3-384">27964e8cdf7ec6f91b5da9739f41d1d4ef9e149ed4c91a3b069f58343afb35ab571a18cbf26265ab2a1c40394dc35a68</hash>
        <hash alg="SHA3-256">bca36bb7f221a8ab2eadda6f76e7c23eeb69ac6eb80d1edf9c4ccda5cd1454f4</hash>
        <hash alg="SHA3-512">a81c82f95167830f72f42c87020bb38bf799e76add04c6d539ec8c8412771c753c68ecbe7c151ea22bb8dcb8a15853e77eb96956578be4576f8a3eab3a415582</hash>
      </hashes>
      <licenses>
        <license>
          <name>GNU General Public License, version 2 (GPL2), with the classpath exception</name>
          <url>http://www.gnu.org/software/classpath/license.html</url>
        </license>
        <license>
          <id>MIT</id>
        </license>
      </licenses>
      <purl>pkg:maven/org.checkerframework/checker-qual@2.0.0?type=jar</purl>
      <externalReferences>
        <reference type="website">
          <url>http://checkerframework.org</url>
        </reference>
        <reference type="vcs">
          <url>https://github.com/typetools/checker-framework.git</url>
        </reference>
      </externalReferences>
    </component>
    <component type="library" bom-ref="pkg:maven/com.google.j2objc/j2objc-annotations@1.1?type=jar">
      <group>com.google.j2objc</group>
      <name>j2objc-annotations</name>
      <version>1.1</version>
      <description>A set of annotations that provide additional information to the J2ObjC
    translator to modify the result of translation.</description>
      <scope>required</scope>
      <hashes>
        <hash alg="MD5">49ae3204bb0bb9b2ac77062641f4a6d7</hash>
        <hash alg="SHA-1">ed28ded51a8b1c6b112568def5f4b455e6809019</hash>
        <hash alg="SHA-256">2994a7eb78f2710bd3d3bfb639b2c94e219cedac0d4d084d516e78c16dddecf6</hash>
        <hash alg="SHA-512">a4a0b58ffc2d9f9b516f571bcd0ac14e4d3eec15aacd6320a4a1a12045acce8c6081e8ce922c4e882221cedb2cc266399ab468487ae9a08124d65edc07ae30f0</hash>
        <hash alg="SHA-384">8942363710e7473635a2c77ff82db8af1915cb6ac8429851b4acfa04f059183f8e3444dedff75a7da02698f2ee22a181</hash>
        <hash alg="SHA3-384">a9906146d76704f64b1a1aad3d80be86e0d08a987fdb63d4d8d0399937e7e94076d9878a14593fb4465f3a5fccec0df5</hash>
        <hash alg="SHA3-256">275370eeb5f02c15358168ea134c4eab1afed8d27750a8a326b9f9f506dfc9f2</hash>
        <hash alg="SHA3-512">d9e2a3943373e1eab933b45f49997b24e01466eb99a177c40f21c7107c9f21ebb135e14d191b0a5b699e3985d20de8e87662e92c0bf59e5e054d3da85fd777dd</hash>
      </hashes>
      <licenses>
        <license>
          <id>Apache-2.0</id>
        </license>
      </licenses>
      <purl>pkg:maven/com.google.j2objc/j2objc-annotations@1.1?type=jar</purl>
      <externalReferences>
        <reference type="website">
          <url>https://github.com/google/j2objc/</url>
        </reference>
        <reference type="distribution-intake">
          <url>https://oss.sonatype.org/service/local/staging/deploy/maven2/</url>
        </reference>
        <reference type="vcs">
          <url>http://svn.sonatype.org/spice/tags/oss-parent-7/j2objc-annotations</url>
        </reference>
      </externalReferences>
    </component>
    <component type="library" bom-ref="pkg:maven/org.codehaus.mojo/animal-sniffer-annotations@1.14?type=jar">
      <publisher>Codehaus</publisher>
      <group>org.codehaus.mojo</group>
      <name>animal-sniffer-annotations</name>
      <version>1.14</version>
      <description>Animal Sniffer Parent project.</description>
      <scope>required</scope>
      <hashes>
        <hash alg="MD5">9d42e46845c874f1710a9f6a741f6c14</hash>
        <hash alg="SHA-1">775b7e22fb10026eed3f86e8dc556dfafe35f2d5</hash>
        <hash alg="SHA-256">2068320bd6bad744c3673ab048f67e30bef8f518996fa380033556600669905d</hash>
        <hash alg="SHA-512">9e5e3ea9e06e0ac9463869fd0e08ed38f7042784995a7b50c9bfd7f692a53f0e1430b9e1367dc772d0d4eafe5fd2beabbcc60da5008bd792f9e7ec8436c0f136</hash>
        <hash alg="SHA-384">f84c3a6589e4fd49764595bad99ef2ebb443f1c9a5f11177a2073b54156989979b5e97fac591714f18304fbcf26bb1c6</hash>
        <hash alg="SHA3-384">1821c7ba68f3b43cb25b3038fa732631d1db6063ecc5c7f84b31fdadfa8ca43434dc960e602af02a2891237cd90b8c29</hash>
        <hash alg="SHA3-256">9b624360f936e928bc63bf44e475d8fd052148c0d0cc56c3c88c26429b430c08</hash>
        <hash alg="SHA3-512">5f0a62a96445cfeaf101d2ddc56472621f5c3dafc54ad4b230a373012833b7da83e96af7c07b60a586768361b3bce3f3626ed2cc09fbbd84e840e0714d6344ee</hash>
      </hashes>
      <licenses>
        <license>
          <id>MIT</id>
          <url>https://opensource.org/license/mit/</url>
        </license>
      </licenses>
      <purl>pkg:maven/org.codehaus.mojo/animal-sniffer-annotations@1.14?type=jar</purl>
      <externalReferences>
        <reference type="website">
          <url>http://mojo.codehaus.org/animal-sniffer/animal-sniffer-annotations</url>
        </reference>
        <reference type="build-system">
          <url>http://bamboo.ci.codehaus.org/browse/MOJO</url>
        </reference>
        <reference type="distribution-intake">
          <url>https://nexus.codehaus.org/service/local/staging/deploy/maven2/</url>
        </reference>
        <reference type="issue-tracker">
          <url>http://jira.codehaus.org/browse/MANIMALSNIFFER</url>
        </reference>
        <reference type="mailing-list">
          <url>http://markmail.org/list/org.codehaus.mojo.dev</url>
        </reference>
        <reference type="vcs">
          <url>http://fisheye.codehaus.org/browse/mojo/tags/animal-sniffer-parent-1.14/animal-sniffer-annotations</url>
        </reference>
      </externalReferences>
    </component>
    <component type="library" bom-ref="pkg:maven/io.dropwizard.metrics/metrics-core@3.2.2?type=jar">
      <group>io.dropwizard.metrics</group>
      <name>metrics-core</name>
      <version>3.2.2</version>
      <description>Metrics is a Java library which gives you unparalleled insight into what your code does in
        production. Metrics provides a powerful toolkit of ways to measure the behavior of critical
        components in your production environment.</description>
      <scope>required</scope>
      <hashes>
        <hash alg="MD5">da529999d5083e800829eaab432a8a54</hash>
        <hash alg="SHA-1">cd9886f498ee2ab2d994f0c779e5553b2c450416</hash>
        <hash alg="SHA-256">5c6f685e41664d10c70c65837cba9e58d39ff3896811e3b5707a934b11c85ad0</hash>
        <hash alg="SHA-512">aa8519d766133a3c57c331d98810f490d5b9f52dd36d8fc62140eb26cfed8b45d3cadc343f0f6616acb6979ee0430d4bc0e9b95a3440bb10de2470962e5e74b6</hash>
        <hash alg="SHA-384">d5d6865c76dc5f28f339e1a8537bbeab7203d993547619023d4d1364655df5e3a7eaab8a8adad1b0f5c51c9e5b98f4b3</hash>
        <hash alg="SHA3-384">af37f2b676cbe4f1372b86a75e8d8e42a277bcb300470d3dd7f1c4c7ddef6b5dcfa7184ba9d5fa9abc91a5c9586e721c</hash>
        <hash alg="SHA3-256">8f2d0a294ecae9e3375ad448b4ea05a17c872a717bae706ed1b21ffb16712c7c</hash>
        <hash alg="SHA3-512">048797db34927291d7293280e33cd802d0d965702813e86c22efe02da00284919a209f61ddcfaec165a04de2a703d3becb3a5550dd2c70a178974a7dd6f09566</hash>
      </hashes>
      <licenses>
        <license>
          <id>Apache-2.0</id>
          <url>https://www.apache.org/licenses/LICENSE-2.0</url>
        </license>
      </licenses>
      <purl>pkg:maven/io.dropwizard.metrics/metrics-core@3.2.2?type=jar</purl>
      <externalReferences>
        <reference type="website">
          <url>http://metrics.codahale.com/metrics-core/</url>
        </reference>
        <reference type="distribution-intake">
          <url>http://oss.sonatype.org/service/local/staging/deploy/maven2/</url>
        </reference>
        <reference type="issue-tracker">
          <url>http://github.com/dropwizard/metrics/issues#issue/</url>
        </reference>
        <reference type="vcs">
          <url>http://github.com/dropwizard/metrics/metrics-core/</url>
        </reference>
      </externalReferences>
    </component>
    <component type="library" bom-ref="pkg:maven/org.slf4j/slf4j-api@1.7.25?type=jar">
      <publisher>QOS.ch</publisher>
      <group>org.slf4j</group>
      <name>slf4j-api</name>
      <version>1.7.25</version>
      <description>The slf4j API</description>
      <scope>required</scope>
      <hashes>
        <hash alg="MD5">caafe376afb7086dcbee79f780394ca3</hash>
        <hash alg="SHA-1">da76ca59f6a57ee3102f8f9bd9cee742973efa8a</hash>
        <hash alg="SHA-256">18c4a0095d5c1da6b817592e767bb23d29dd2f560ad74df75ff3961dbde25b79</hash>
        <hash alg="SHA-512">5dd6271fd5b34579d8e66271bab75c89baca8b2ebeaa9966de391284bd08f2d720083c6e0e1edda106ecf8a04e9a32116de6873f0f88c19c049c0fe27e5d820b</hash>
        <hash alg="SHA-384">f2791380e87fccb18519efd016c03be11206984f4765586d348e57e2f33756b21ed51a95fa09679e1473a5bf5d2d76e1</hash>
        <hash alg="SHA3-384">d621071a8bca1a32ac3603a816721fd93180a29e520d16a1c655686b169605f679818d6acc0000470ebe25265bdc9962</hash>
        <hash alg="SHA3-256">abb590301fbb93baf4f7afe227f230ee7992d9a56f7034ef2c37447ac8c52a9b</hash>
        <hash alg="SHA3-512">c025c503db0d09d0d435c1c96f0e7165f08375abc58eb4e4bf52b0b4689801019a7e966fa5372c03b0697083a992a0baceb7ab5d18659d262f5db4c9bca26584</hash>
      </hashes>
      <licenses>
        <license>
          <id>MIT</id>
          <url>https://opensource.org/license/mit/</url>
        </license>
      </licenses>
      <purl>pkg:maven/org.slf4j/slf4j-api@1.7.25?type=jar</purl>
      <externalReferences>
        <reference type="website">
          <url>http://www.slf4j.org</url>
        </reference>
        <reference type="distribution-intake">
          <url>https://oss.sonatype.org/service/local/staging/deploy/maven2/</url>
        </reference>
        <reference type="vcs">
          <url>https://github.com/qos-ch/slf4j/slf4j-api</url>
        </reference>
      </externalReferences>
    </component>
    <component type="library" bom-ref="pkg:maven/com.github.jnr/jnr-ffi@2.2.17?type=jar">
      <group>com.github.jnr</group>
      <name>jnr-ffi</name>
      <version>2.2.17</version>
      <description>A library for invoking native functions from java</description>
      <scope>required</scope>
      <hashes>
        <hash alg="MD5">157a70eeb4219d6ffa0267753bc42406</hash>
        <hash alg="SHA-1">3b3a375fb3509a2d2014687d5e8d6b3881a3614e</hash>
        <hash alg="SHA-256">37b494600b956a7932e799d4a7284bbf1ad0b0b23b4df62d0c01f55f1d3ee681</hash>
        <hash alg="SHA-512">43aeb2c08f92045d44d852f4cfc31f9094134e856f5bd27e8d1625704395e338371a889061ea0aef8a4303dad4320987904eb9c3f313fe97aef65fe3ac97fc3e</hash>
        <hash alg="SHA-384">6dea2ce7e5a8a44a96e7b8b3c0b3e790ebb1648cc0cdb5e01da5ef90b70032c51f790353b8c1558378adabac9e71826e</hash>
        <hash alg="SHA3-384">69054757abde36faebcbdfa8d339064789ca92256a4738355d7504c6e45a7949c55208bdf11544ff8583e4f35ecfd427</hash>
        <hash alg="SHA3-256">142dd34fe6ff6acfce5745f67d43cae6b8aa133a045269acdb23a418974328f6</hash>
        <hash alg="SHA3-512">ebb023c3d9e93e47b9519cab9a4bf15caa87e365e0efa74f0145763689c7e0a18570e2470125c4cb1bd0ba2d88be3d2e422a1622d878001fcb589eb1b0d0ba23</hash>
      </hashes>
      <licenses>
        <license>
          <id>Apache-2.0</id>
        </license>
      </licenses>
      <purl>pkg:maven/com.github.jnr/jnr-ffi@2.2.17?type=jar</purl>
      <externalReferences>
        <reference type="website">
          <url>http://github.com/jnr/jnr-ffi</url>
        </reference>
        <reference type="distribution-intake">
          <url>https://oss.sonatype.org/service/local/staging/deploy/maven2/</url>
        </reference>
      </externalReferences>
    </component>
    <component type="library" bom-ref="pkg:maven/com.github.jnr/jffi@1.3.13?type=jar">
      <group>com.github.jnr</group>
      <name>jffi</name>
      <version>1.3.13</version>
      <description>Java Foreign Function Interface</description>
      <scope>required</scope>
      <hashes>
        <hash alg="MD5">89e94b6e57ed65264f8c31309cf3de58</hash>
        <hash alg="SHA-1">861b79314b8cef27f506c007edb78bf1ad0df77c</hash>
        <hash alg="SHA-256">78df5fb05d7e2541b867bedc538b18840245a601bb2160fa26824bb67ed93878</hash>
        <hash alg="SHA-512">1af68694bcead74cedce28c1ffd6efd3c96b733830433450605e251d01150d41e7396a6d3b85cfee1d616aeb433425c8c0c64493318908fc252b63159a14ee76</hash>
        <hash alg="SHA-384">0fdeb403e4afdb0f12b098d54e7aa7599f104b81471ffaeb4720adec4108d72c2c2fc4373889da1c2697cc63c26df8d1</hash>
        <hash alg="SHA3-384">10938e6cf91142b73e7b3f06e1f3672b3b725e7c8702192a6a1d855e16a9411842fd53b7293fb063c8e46e29978b7877</hash>
        <hash alg="SHA3-256">de87caf98ed2a4c36f3d9983abf83595699c7f58b2af6035e8fe4911b3c4a52b</hash>
        <hash alg="SHA3-512">7ff2b21cf9bffe8945b378e1298a04acd5a176ef5daccc1177624d7defc8ec1af643b82bf502d4854b9a64138f7100d01ce8e1fa9fd5f11d67b84ce5a4350095</hash>
      </hashes>
      <licenses>
        <license>
          <id>Apache-2.0</id>
        </license>
        <license>
          <name>GNU Lesser General Public License version 3</name>
          <url>https://www.gnu.org/licenses/lgpl-3.0.txt</url>
        </license>
      </licenses>
      <purl>pkg:maven/com.github.jnr/jffi@1.3.13?type=jar</purl>
      <externalReferences>
        <reference type="website">
          <url>http://github.com/jnr/jffi</url>
        </reference>
        <reference type="distribution-intake">
          <url>https://oss.sonatype.org/service/local/staging/deploy/maven2/</url>
        </reference>
      </externalReferences>
    </component>
    <component type="library" bom-ref="pkg:maven/com.github.jnr/jffi@1.3.13?classifier=native&amp;type=jar">
      <group>com.github.jnr</group>
      <name>jffi</name>
      <version>1.3.13</version>
      <description>Java Foreign Function Interface</description>
      <scope>required</scope>
      <hashes>
        <hash alg="MD5">b1b6c3c2c1b0e704b5d1ca1fa0f37a9c</hash>
        <hash alg="SHA-1">15e41e9c8f02b384bf138ab7f2778b441bfa5df3</hash>
        <hash alg="SHA-256">a38dd049951a27f7a423389fecf0195a5bd414f418e90f5ac9992652c22a5b8e</hash>
        <hash alg="SHA-512">8de5157c314d99bac10c9b1d9ea15762ec49a38e25af765d43c42d50c78e34d1238bdce137832a49e735e5a20a07fda4a5d488049b15445c60b6bdd417115cc6</hash>
        <hash alg="SHA-384">cce859b83af60761f59428ec07032cd5a16913459533dd3fcc41b125ba1d6b56d328f39f188ac5f97f9bc07e19218555</hash>
        <hash alg="SHA3-384">45cc7c3723c748f3e2dcdb98399ea1df2b2911328e4147c9459c0ffdf106afde0fc499e75c3ca00316844bdac28264e5</hash>
        <hash alg="SHA3-256">6f0af05a8b7053e4f96148727d8bf1ff5eaa14ddbd2a5547229023fcb96b7c0e</hash>
        <hash alg="SHA3-512">8d654937fd21a22215a1759ac76ae317909f2a726b4a1a29980c8dfe2bff0cee05eadc7f6dcc67c2bcf1672c12f74b74c8ff349b6575380df8c4e97ec6328b31</hash>
      </hashes>
      <licenses>
        <license>
          <id>Apache-2.0</id>
        </license>
        <license>
          <name>GNU Lesser General Public License version 3</name>
          <url>https://www.gnu.org/licenses/lgpl-3.0.txt</url>
        </license>
      </licenses>
      <purl>pkg:maven/com.github.jnr/jffi@1.3.13?classifier=native&amp;type=jar</purl>
      <externalReferences>
        <reference type="website">
          <url>http://github.com/jnr/jffi</url>
        </reference>
        <reference type="distribution-intake">
          <url>https://oss.sonatype.org/service/local/staging/deploy/maven2/</url>
        </reference>
      </externalReferences>
    </component>
    <component type="library" bom-ref="pkg:maven/org.ow2.asm/asm-commons@9.7.1?type=jar">
      <publisher>OW2</publisher>
      <group>org.ow2.asm</group>
      <name>asm-commons</name>
      <version>9.7.1</version>
      <description>Usefull class adapters based on ASM, a very small and fast Java bytecode manipulation framework</description>
      <scope>required</scope>
      <hashes>
        <hash alg="MD5">8344aea3c8b7d707e9d35a62710e77c9</hash>
        <hash alg="SHA-1">406c6a2225cfe1819f102a161e54cc16a5c24f75</hash>
        <hash alg="SHA-256">9a579b54d292ad9be171d4313fd4739c635592c2b5ac3a459bbd1049cddec6a0</hash>
        <hash alg="SHA-512">81daf5765e387e6aeec5d45c4b9e4e1b471fb4f350931e5a214845c7c657a2142768f6902765e49c0ce2c595962e5d008883cba2e4a40c4bdce8f2e92518d2db</hash>
        <hash alg="SHA-384">473ba9b72bd47d2000d127dababdd649fd7738d658cd5b818266cd978e8d3bb2589e431a52bfaa7fb8a03d2345a529f2</hash>
        <hash alg="SHA3-384">1a792b9567115e97b81242325de41d3757e8b11dc5c38b4f6b8c9aa34ef8a33b5ef9a7401c725574ee4c36ebb5c0f46a</hash>
        <hash alg="SHA3-256">2974918408bf8791d133c96cee74e86f4fa9659faa1faaf886eed3c586b7c717</hash>
        <hash alg="SHA3-512">21c2635f5cdee961ea6aedee78589603b0ff1d56ee295d4548e882abe4485a5818a82848a99851592de5a8d09e4c74e406fc0bea9f23e250e58e0e31986845af</hash>
      </hashes>
      <licenses>
        <license>
          <id>BSD-3-Clause</id>
          <url>https://opensource.org/licenses/BSD-3-Clause</url>
        </license>
      </licenses>
      <purl>pkg:maven/org.ow2.asm/asm-commons@9.7.1?type=jar</purl>
      <externalReferences>
        <reference type="website">
          <url>http://asm.ow2.io/</url>
        </reference>
        <reference type="distribution-intake">
          <url>https://repository.ow2.org/nexus/service/local/staging/deploy/maven2</url>
        </reference>
        <reference type="issue-tracker">
          <url>https://gitlab.ow2.org/asm/asm/issues</url>
        </reference>
        <reference type="mailing-list">
          <url>https://mail.ow2.org/wws/arc/asm/</url>
        </reference>
        <reference type="vcs">
          <url>https://gitlab.ow2.org/asm/asm/</url>
        </reference>
      </externalReferences>
    </component>
    <component type="library" bom-ref="pkg:maven/org.ow2.asm/asm-analysis@9.7.1?type=jar">
      <publisher>OW2</publisher>
      <group>org.ow2.asm</group>
      <name>asm-analysis</name>
      <version>9.7.1</version>
      <description>Static code analysis API of ASM, a very small and fast Java bytecode manipulation framework</description>
      <scope>required</scope>
      <hashes>
        <hash alg="MD5">4cd9e7178dfb85371bba3077e40cd514</hash>
        <hash alg="SHA-1">f97a3b319f0ed6a8cd944dc79060d3912a28985f</hash>
        <hash alg="SHA-256">85b29371884ba31bb76edf22323c2c24e172c3267a67152eba3d1ccc2e041ef2</hash>
        <hash alg="SHA-512">a8bd265c81d9bb4371cafd3f5d18f96ad79aec65031457d518c54599144d199d9feddf13b8dc822b2598b8b504a88edbd81d1f2c52991a70a6b343d8f5bb6fe5</hash>
        <hash alg="SHA-384">31620bb948127b811684769f966990170ced469f4b15f30bf22a7a0d28c7da644027cf7c9ffd10f80fcc4cdf377909d8</hash>
        <hash alg="SHA3-384">fe5920760dfcbe5dda26d7839ba9ad621a8d2b139994e0d2107873512651cfffdb73e85e635dbad0f9db7cfee55420d3</hash>
        <hash alg="SHA3-256">3fe7b153bea627308dbfb2ce682a3c10646a06eee5d34a13acd76e60a7cda240</hash>
        <hash alg="SHA3-512">1acd097141b321e440561a9ef759b5b5ab125b42ae02e5806fd026978727740124a483f608db230563fde701161e51f8548a662e29ba12d97ba3d24949b4c821</hash>
      </hashes>
      <licenses>
        <license>
          <id>BSD-3-Clause</id>
          <url>https://opensource.org/licenses/BSD-3-Clause</url>
        </license>
      </licenses>
      <purl>pkg:maven/org.ow2.asm/asm-analysis@9.7.1?type=jar</purl>
      <externalReferences>
        <reference type="website">
          <url>http://asm.ow2.io/</url>
        </reference>
        <reference type="distribution-intake">
          <url>https://repository.ow2.org/nexus/service/local/staging/deploy/maven2</url>
        </reference>
        <reference type="issue-tracker">
          <url>https://gitlab.ow2.org/asm/asm/issues</url>
        </reference>
        <reference type="mailing-list">
          <url>https://mail.ow2.org/wws/arc/asm/</url>
        </reference>
        <reference type="vcs">
          <url>https://gitlab.ow2.org/asm/asm/</url>
        </reference>
      </externalReferences>
    </component>
    <component type="library" bom-ref="pkg:maven/org.ow2.asm/asm-tree@9.7.1?type=jar">
      <publisher>OW2</publisher>
      <group>org.ow2.asm</group>
      <name>asm-tree</name>
      <version>9.7.1</version>
      <description>Tree API of ASM, a very small and fast Java bytecode manipulation framework</description>
      <scope>required</scope>
      <hashes>
        <hash alg="MD5">e85029f613b6469989cc7cf53fe06b74</hash>
        <hash alg="SHA-1">3a53139787663b139de76b627fca0084ab60d32c</hash>
        <hash alg="SHA-256">9929881f59eb6b840e86d54570c77b59ce721d104e6dfd7a40978991c2d3b41f</hash>
        <hash alg="SHA-512">e55008c392fdd35e95d3404766b12dd4b46e13d5c362fcd0ab42a65751a82737eaf0ebc857691d1916190d34407adfde4437615d69c278785416fd911e00978d</hash>
        <hash alg="SHA-384">4363d7d075700cbe6161bf86a0ff1b0e732fe96963010f1fc66f7701e8139673cc4fba81ae2937d25e0a5032368b0d5a</hash>
        <hash alg="SHA3-384">d22a3eeb20ee739bfbf3535655e7d25e3b3910f13ac86d9e4c29b4e0b19efd53ab65c1d843bbc0e289a8744d27e09453</hash>
        <hash alg="SHA3-256">9d57ddbdd10cda7f9bc45bc0bcb54143f7ea1b802540cf3029ab7e31dfc59df7</hash>
        <hash alg="SHA3-512">1352a6d8caca6649bc7e1c8e209a1e3864ac8eac8d6af2f11e2701eab5304a4cff41355828ed0c69adc8fc3b8d639d607bec574834e8e3185a3e3f81199e756a</hash>
      </hashes>
      <licenses>
        <license>
          <id>BSD-3-Clause</id>
          <url>https://opensource.org/licenses/BSD-3-Clause</url>
        </license>
      </licenses>
      <purl>pkg:maven/org.ow2.asm/asm-tree@9.7.1?type=jar</purl>
      <externalReferences>
        <reference type="website">
          <url>http://asm.ow2.io/</url>
        </reference>
        <reference type="distribution-intake">
          <url>https://repository.ow2.org/nexus/service/local/staging/deploy/maven2</url>
        </reference>
        <reference type="issue-tracker">
          <url>https://gitlab.ow2.org/asm/asm/issues</url>
        </reference>
        <reference type="mailing-list">
          <url>https://mail.ow2.org/wws/arc/asm/</url>
        </reference>
        <reference type="vcs">
          <url>https://gitlab.ow2.org/asm/asm/</url>
        </reference>
      </externalReferences>
    </component>
    <component type="library" bom-ref="pkg:maven/org.ow2.asm/asm-util@9.7.1?type=jar">
      <publisher>OW2</publisher>
      <group>org.ow2.asm</group>
      <name>asm-util</name>
      <version>9.7.1</version>
      <description>Utilities for ASM, a very small and fast Java bytecode manipulation framework</description>
      <scope>required</scope>
      <hashes>
        <hash alg="MD5">36d373a9cd6cad9b35db9f984c6b4bbb</hash>
        <hash alg="SHA-1">9e23359b598ec6b74b23e53110dd5c577adf2243</hash>
        <hash alg="SHA-256">f885be71b5c90556f5f1ad1c4f9276b29b96057c497d46666fe4ddbec3cb43c6</hash>
        <hash alg="SHA-512">522d793d15a2c5ea6504a50222cf0750f1eab7b881cf289675042539b1aba8b3868197b1bebe729de728dd10020eb028ae16252dcd5d84fdcbf7f925832bc269</hash>
        <hash alg="SHA-384">c073e7d64d5891d024860f638c3ee901aca60637b820ad05f9be7d33b4f4ad99fc448173dd9cb0b1cd0032485e813b24</hash>
        <hash alg="SHA3-384">2300d5572d929e6f20a7569dceb05bd9930b6ca18bcf11f648e37f28d00e78883f632ff60f4c4f9997aaa3d560a9450b</hash>
        <hash alg="SHA3-256">f5b3d45b832550fc3d1a675fdc4531a32eb8688db37b7102f0d544635f967ed2</hash>
        <hash alg="SHA3-512">ae097429b38febbc39a91d9697b6f709a49aad2fbc032ae2222e8f11c2907ef1a526afc4ee38d4dee46c09a7196f4f676f5704461dd3a0fe1e606bc9e3ef970a</hash>
      </hashes>
      <licenses>
        <license>
          <id>BSD-3-Clause</id>
          <url>https://opensource.org/licenses/BSD-3-Clause</url>
        </license>
      </licenses>
      <purl>pkg:maven/org.ow2.asm/asm-util@9.7.1?type=jar</purl>
      <externalReferences>
        <reference type="website">
          <url>http://asm.ow2.io/</url>
        </reference>
        <reference type="distribution-intake">
          <url>https://repository.ow2.org/nexus/service/local/staging/deploy/maven2</url>
        </reference>
        <reference type="issue-tracker">
          <url>https://gitlab.ow2.org/asm/asm/issues</url>
        </reference>
        <reference type="mailing-list">
          <url>https://mail.ow2.org/wws/arc/asm/</url>
        </reference>
        <reference type="vcs">
          <url>https://gitlab.ow2.org/asm/asm/</url>
        </reference>
      </externalReferences>
    </component>
    <component type="library" bom-ref="pkg:maven/com.github.jnr/jnr-a64asm@1.0.0?type=jar">
      <group>com.github.jnr</group>
      <name>jnr-a64asm</name>
      <version>1.0.0</version>
      <description>A pure-java A64 assembler</description>
      <scope>required</scope>
      <hashes>
        <hash alg="MD5">6cb469cbbcf9eca78d50f7da595a8337</hash>
        <hash alg="SHA-1">0a1cb8dbe71b5a6a0288043c3ba3ca64545be165</hash>
        <hash alg="SHA-256">53ae5ea7fa5c284e8279aa348e7b9de4548b0cae10bfd058fa217c791875e4cf</hash>
        <hash alg="SHA-512">922bdf2883c6a9cd6491289020d404ab151fd9ffa78d2ec884a2ac3af739d397016f1f4596c3e6c58744ea600fdbc2d330c8f520a1a9ab0eef6af6b667b35b89</hash>
        <hash alg="SHA-384">933298b61960f09eccb672a0622a93a721d06cf85cdb29500ff6efdf874bad7b08aede29b6cf3b51141c16b38b250be2</hash>
        <hash alg="SHA3-384">2a7231c649f4805d34eb19c7e6b6dbb5ecdb663e29ef69a4523e2f7d2ae70740ca3aa03eba3476960d0fe344ea45df2d</hash>
        <hash alg="SHA3-256">fc270fd94a4e2b4fb1a9e4dd42ff4600c94e226ef3431aee998a915b62eb19ae</hash>
        <hash alg="SHA3-512">8ee64fec1b5e93ff9c2b596c0345ef120479217bea95d669c6e17f338a45945545b546813af2f58920a6bb2d607bd004870d10c8660a516261288d9f555fc850</hash>
      </hashes>
      <licenses>
        <license>
          <id>Apache-2.0</id>
        </license>
      </licenses>
      <purl>pkg:maven/com.github.jnr/jnr-a64asm@1.0.0?type=jar</purl>
      <externalReferences>
        <reference type="website">
          <url>http://nexus.sonatype.org/oss-repository-hosting.html/jnr-a64asm</url>
        </reference>
        <reference type="distribution-intake">
          <url>https://oss.sonatype.org/service/local/staging/deploy/maven2/</url>
        </reference>
      </externalReferences>
    </component>
    <component type="library" bom-ref="pkg:maven/com.github.jnr/jnr-x86asm@1.0.2?type=jar">
      <group>com.github.jnr</group>
      <name>jnr-x86asm</name>
      <version>1.0.2</version>
      <description>A pure-java X86 and X86_64 assembler</description>
      <scope>required</scope>
      <hashes>
        <hash alg="MD5">00670735acb2a9d1421b506dc7d338bc</hash>
        <hash alg="SHA-1">006936bbd6c5b235665d87bd450f5e13b52d4b48</hash>
        <hash alg="SHA-256">39f3675b910e6e9b93825f8284bec9f4ad3044cd20a6f7c8ff9e2f8695ebf21e</hash>
        <hash alg="SHA-512">e928926b01ce545144c1bbf160edee9b923773e32f9a399a71c2ab5e8325d9cbcfb41f41c8f008b80d1beab8da1c4b74845996479c07ed73bc131959911d4762</hash>
        <hash alg="SHA-384">91839815885716f1202a824b195a475d4d7561690192b42cf05b8c6432556a3e7e2dab13b6e970986a97711fb7060844</hash>
        <hash alg="SHA3-384">ed27f9b39907e92805c2d6ae6a045e00e24f51544501df3b98b593177df4fe55fee2347c668df66c2ea6fae64c66ee0c</hash>
        <hash alg="SHA3-256">f2e4e4807f6674a5b428cebdbdd01e8cadbeee71b785a046bec2bec1de63a41b</hash>
        <hash alg="SHA3-512">0dfffcf0daac9513b347ab8bf22887360feea890428e12857d7d3400400ba498fdc61307d9fd9c6a5e1baa9a96279afc07bba08c6229ed4ede71569d710fd0f6</hash>
      </hashes>
      <licenses>
        <license>
          <id>MIT</id>
          <url>https://opensource.org/license/mit/</url>
        </license>
      </licenses>
      <purl>pkg:maven/com.github.jnr/jnr-x86asm@1.0.2?type=jar</purl>
      <externalReferences>
        <reference type="website">
          <url>http://github.com/jnr/jnr-x86asm</url>
        </reference>
        <reference type="distribution-intake">
          <url>https://oss.sonatype.org/service/local/staging/deploy/maven2/</url>
        </reference>
      </externalReferences>
    </component>
    <component type="library" bom-ref="pkg:maven/com.github.jnr/jnr-posix@3.0.44?type=jar">
      <group>com.github.jnr</group>
      <name>jnr-posix</name>
      <version>3.0.44</version>
      <description>Common cross-project/cross-platform POSIX APIs</description>
      <scope>required</scope>
      <hashes>
        <hash alg="MD5">6e9121b8c504de94e34499570ed189c2</hash>
        <hash alg="SHA-1">1f8e4551454e613c04f6d4045ed9d5b98e21980f</hash>
        <hash alg="SHA-256">8442c39b21a82eab9f07039ddd5caeb1707247e1bf45c2abf3150869393ce182</hash>
        <hash alg="SHA-512">22f73e2b00d3ab22d4617eb91b79f941335e842f2977bb8117b8961bac6b4a2f993fc422c5d37fc4ab00fdce906f023050ba118991b0083bb3079ee2f7a6af09</hash>
        <hash alg="SHA-384">5f176a4913ce5118c8a8a890585de6ef7751ad206451323bf01892ddc490856d17a2479a7dca841e82740058e99019ef</hash>
        <hash alg="SHA3-384">1b1f8c918d487f740fb2c3398b5192e0bd0c22c1e5e31434f649c1285b5e97b6577c6a8e3852b6ae2a1e0e73986927ab</hash>
        <hash alg="SHA3-256">7d709c997b8c0951f9853b90ac349d319ce40cdba490b0921b7d59802bc8f4f0</hash>
        <hash alg="SHA3-512">89027dffe6510227f068db8689d8addce325e96cd5de4b88aa8f55097b17e17c60a73dce9d4f3fcb8696c2ab1e24ae4bf9383fdf23ea38aeb0669a352c0b7a61</hash>
      </hashes>
      <licenses>
        <license>
          <name>Common Public License - v 1.0</name>
          <url>http://www-128.ibm.com/developerworks/library/os-cpl.html</url>
        </license>
        <license>
          <name>GNU General Public License Version 2</name>
          <url>http://www.gnu.org/copyleft/gpl.html</url>
        </license>
        <license>
          <name>GNU Lesser General Public License Version 2.1</name>
          <url>http://www.gnu.org/licenses/lgpl.html</url>
        </license>
      </licenses>
      <purl>pkg:maven/com.github.jnr/jnr-posix@3.0.44?type=jar</purl>
      <externalReferences>
        <reference type="website">
          <url>http://nexus.sonatype.org/oss-repository-hosting.html/jnr-posix</url>
        </reference>
        <reference type="distribution-intake">
          <url>https://oss.sonatype.org/service/local/staging/deploy/maven2/</url>
        </reference>
        <reference type="issue-tracker">
          <url>http://jira.codehaus.org/browse/JRUBY</url>
        </reference>
      </externalReferences>
    </component>
    <component type="library" bom-ref="pkg:maven/com.github.jnr/jnr-constants@0.9.9?type=jar">
      <group>com.github.jnr</group>
      <name>jnr-constants</name>
      <version>0.9.9</version>
      <description>A set of platform constants (e.g. errno values)</description>
      <scope>required</scope>
      <hashes>
        <hash alg="MD5">dda134f02497e1613fc0dd2d29bae42f</hash>
        <hash alg="SHA-1">33f23994e09aeb49880aa01e12e8e9eff058c14c</hash>
        <hash alg="SHA-256">6862e69646fb726684d8610bc5a65740feab5f235d8d1dc7596113bd1ad54181</hash>
        <hash alg="SHA-512">411111d14201efa200584f497ddf60753217d55f5c932b9687168d6896c025087480027066bd924a6210abb1f77bfef7ac5595f815de5413f1a21956f1fafa27</hash>
        <hash alg="SHA-384">fbc1e08405ae010022f4117db3369bd4c6b8941b3d448ff4f11cdf44dcbdd6b7cc4fc7fddb450567095d51d5e56db871</hash>
        <hash alg="SHA3-384">52e5584c3e047340ebac2cfa699d72bbacc0348e0246f5305bfa227f001220a29ab45ec6fcd1d6f76e88790464c025eb</hash>
        <hash alg="SHA3-256">3254a885d5f39257ef43b4a7a0af17fad3f35785a98f6ebe4cd522cccc00314a</hash>
        <hash alg="SHA3-512">d33ef9ced663fa37d105ea28b4d8bff59078e9d6ed4638a11e7d422320cd27c88229385bc7f7ea6a1de0ba75895a94a3a67f37324ea110d4db5b34b8df8a9c47</hash>
      </hashes>
      <licenses>
        <license>
          <id>Apache-2.0</id>
        </license>
      </licenses>
      <purl>pkg:maven/com.github.jnr/jnr-constants@0.9.9?type=jar</purl>
      <externalReferences>
        <reference type="website">
          <url>http://github.com/jnr/jnr-constants</url>
        </reference>
        <reference type="distribution-intake">
          <url>https://oss.sonatype.org/service/local/staging/deploy/maven2/</url>
        </reference>
      </externalReferences>
    </component>
    <component type="library" bom-ref="pkg:maven/com.fasterxml.jackson.core/jackson-databind@2.19.0?type=jar">
      <publisher>FasterXML</publisher>
      <group>com.fasterxml.jackson.core</group>
      <name>jackson-databind</name>
      <version>2.19.0</version>
      <description>General data-binding functionality for Jackson: works on core streaming API</description>
      <scope>required</scope>
      <hashes>
        <hash alg="MD5">0bf98314940eeb0cd056277e4bd377b5</hash>
        <hash alg="SHA-1">b3f7506f6414fb04760561eec11a0880165c2a4a</hash>
        <hash alg="SHA-256">ceda311f476c3b18e1d2b240c94e2dcb9c8d44e70f8afa9facab88bac4ddc03a</hash>
        <hash alg="SHA-512">0e9229bd8641ae2297700b8997ca4a26dae50d8e3dfe89c84301112304484ca6551b5d578e5a7d23945d314cb31e84383a821b974be75484efadd301c89bb738</hash>
        <hash alg="SHA-384">8dd4d4f8983abeadcdbf9700ca462cd04b31f5ee65d5a551a769ab2e1bdcecf9a25476cc84b776ee5a4f3c6a1b958dd8</hash>
        <hash alg="SHA3-384">3ad31f3fdf96f6c1a337057084d8d3f7f06c30d8c067055f3a4d8ccc9742587417d96b1f1e2370b8ee55f61853273963</hash>
        <hash alg="SHA3-256">53a458a0f6910b1cbec8c4e74302b8a8e24a92212f4df812ea9712b065b2bf44</hash>
        <hash alg="SHA3-512">62c83edf90a68c3c9c54995a895a16c24d5d9edfe01ddf34e4612532c528f5e0e046d3589331dcbecc259b08a41b64ef0a24c3f3e09e4eab5ed6725fe44568f9</hash>
      </hashes>
      <licenses>
        <license>
          <id>Apache-2.0</id>
        </license>
      </licenses>
      <purl>pkg:maven/com.fasterxml.jackson.core/jackson-databind@2.19.0?type=jar</purl>
      <externalReferences>
        <reference type="website">
          <url>https://github.com/FasterXML/jackson</url>
        </reference>
        <reference type="distribution-intake">
          <url>https://oss.sonatype.org/service/local/staging/deploy/maven2/</url>
        </reference>
        <reference type="issue-tracker">
          <url>https://github.com/FasterXML/jackson-databind/issues</url>
        </reference>
        <reference type="vcs">
          <url>https://github.com/FasterXML/jackson-databind</url>
        </reference>
      </externalReferences>
    </component>
    <component type="library" bom-ref="pkg:maven/com.fasterxml.jackson.core/jackson-core@2.19.0?type=jar">
      <publisher>FasterXML</publisher>
      <group>com.fasterxml.jackson.core</group>
      <name>jackson-core</name>
      <version>2.19.0</version>
      <description>Core Jackson processing abstractions (aka Streaming API), implementation for JSON</description>
      <scope>required</scope>
      <hashes>
        <hash alg="MD5">d741d9cff5a56cb6f1307abe947fb7c1</hash>
        <hash alg="SHA-1">a90640e59ea42632a8e331ff1d6b706cf306050a</hash>
        <hash alg="SHA-256">da8e859bac94874528116a25f20c68560e4287acbf27628711b8a4f96b028430</hash>
        <hash alg="SHA-512">2528a8239e19956a67907a7f99db62a85c745535f67e393a7b323123c6488c9c8e7a083804aee9a4c0317d5eeba0b0990545f697b0a38bc0a60286c77caee556</hash>
        <hash alg="SHA-384">251fec00db21cb056876b49152105a04a27a494ba46ecdfe10427fb9a4b8cd69387c9a6b0057953d74745db853ae1db9</hash>
        <hash alg="SHA3-384">ca2dc9a3e73af60771559a9f94d936c1cd84f7deff6f2d797f6bda873d6fa87bf48a2e9a44d5909365c94d9cf304d5f5</hash>
        <hash alg="SHA3-256">a75de4256551184e3920c457202526cd8b64cbed36e38a4eda6d37a11854aec2</hash>
        <hash alg="SHA3-512">1737c56a27ee88b1017c8a4e5c583171f1d7f4bbc1cef5d462dd9bef78b82f2efdd564ab17ca59f6f0bd2b845a5357ad281818c73a747eba5091154fc4d57d54</hash>
      </hashes>
      <licenses>
        <license>
          <id>Apache-2.0</id>
        </license>
      </licenses>
      <purl>pkg:maven/com.fasterxml.jackson.core/jackson-core@2.19.0?type=jar</purl>
      <externalReferences>
        <reference type="website">
          <url>https://github.com/FasterXML/jackson-core</url>
        </reference>
        <reference type="distribution-intake">
          <url>https://oss.sonatype.org/service/local/staging/deploy/maven2/</url>
        </reference>
        <reference type="issue-tracker">
          <url>https://github.com/FasterXML/jackson-core/issues</url>
        </reference>
        <reference type="vcs">
          <url>https://github.com/FasterXML/jackson-core</url>
        </reference>
      </externalReferences>
    </component>
    <component type="library" bom-ref="pkg:maven/com.fasterxml.jackson.core/jackson-annotations@2.19.0?type=jar">
      <publisher>FasterXML</publisher>
      <group>com.fasterxml.jackson.core</group>
      <name>jackson-annotations</name>
      <version>2.19.0</version>
      <description>Core annotations used for value types, used by Jackson data binding package.</description>
      <scope>required</scope>
      <hashes>
        <hash alg="MD5">59c24289bcb30ba31ef04c2cc0ff000d</hash>
        <hash alg="SHA-1">fd1e7c56de1e5b658563c8c66d5074cceb4e3a0b</hash>
        <hash alg="SHA-256">ead60e9cac0e42b57092b9e2d087ff43536e9477d4486ba393037a8cc156cda7</hash>
        <hash alg="SHA-512">ca3b4c2e46e60aeee041e03879381819edd2d9309eda545caffeb99fff9506c83c42d6f578920661d2a2eca6a7d9aa7c13f7d850b7b697b1125b6ba37da9de97</hash>
        <hash alg="SHA-384">fc0eea9870c458aca7d8c8e591094915606b62cfe59dd41b9043b4fff9856570dd5f96ec022b0497f5cd9b84d1e71b98</hash>
        <hash alg="SHA3-384">a21c01c8925a0dab61ffa273f639cfa5eda806778ee646ed7a8279a456412a70a0ecd47fbb31faae3e10b17c0410aa8c</hash>
        <hash alg="SHA3-256">36d2935f972151d7a9c192fe304ffcab98169b77bef85342073b5219d2497fb1</hash>
        <hash alg="SHA3-512">91c30ac2087cd1995fec4283fa394d9d56d2a5fdbc74740432dcf65e74cab1857c7f7affaf2e1a799440c6ebd885f16cdeb89f9ef6f8fbfc37de115bd51f036e</hash>
      </hashes>
      <licenses>
        <license>
          <id>Apache-2.0</id>
        </license>
      </licenses>
      <purl>pkg:maven/com.fasterxml.jackson.core/jackson-annotations@2.19.0?type=jar</purl>
      <externalReferences>
        <reference type="website">
          <url>https://github.com/FasterXML/jackson</url>
        </reference>
        <reference type="distribution-intake">
          <url>https://oss.sonatype.org/service/local/staging/deploy/maven2/</url>
        </reference>
        <reference type="issue-tracker">
          <url>https://github.com/FasterXML/jackson-annotations/issues</url>
        </reference>
        <reference type="vcs">
          <url>https://github.com/FasterXML/jackson-annotations</url>
        </reference>
      </externalReferences>
    </component>
    <component type="library" bom-ref="pkg:maven/org.ow2.asm/asm@5.0.4?type=jar">
      <publisher>ObjectWeb</publisher>
      <group>org.ow2.asm</group>
      <name>asm</name>
      <version>5.0.4</version>
      <description>A very small and fast Java bytecode manipulation framework</description>
      <scope>required</scope>
      <hashes>
        <hash alg="MD5">c8a73cdfdf802ab0220c860d590d0f84</hash>
        <hash alg="SHA-1">0da08b8cce7bbf903602a25a3a163ae252435795</hash>
        <hash alg="SHA-256">896618ed8ae62702521a78bc7be42b7c491a08e6920a15f89a3ecdec31e9a220</hash>
        <hash alg="SHA-512">afee8f98ee21771f104318d95b839d9ea6ea083157bd62d8bc3462d9302dc20ea939d1b4ae2222f92f09b92bc9ab1317aff02734007f716cc805fe49b92a8a5a</hash>
        <hash alg="SHA-384">84f68859e74fc5a1bbb32bad682b3554ba0b4177f1e152991defe37151bdc31c1378da2876fe995c19445ca793260170</hash>
        <hash alg="SHA3-384">e2208311fb6a0807a535d18f7053c66b006bad3ff47c0937b675131d667b243402f8a4ed79028f24482f4c2d542685a2</hash>
        <hash alg="SHA3-256">ad3bf09396094a4522742f61155d40953b7c0ff806942e827797a1bcab62a8cd</hash>
        <hash alg="SHA3-512">37ac38d0cbaf89113e53845fc73da643fec6a2a6a4a0c03106b7c3bf2c645744095762d9b20bcaf5b691c3d91175983ad8e915d40ce71cdb8feae0c2bce17fc8</hash>
      </hashes>
      <licenses>
        <license>
          <id>BSD-4-Clause</id>
        </license>
      </licenses>
      <purl>pkg:maven/org.ow2.asm/asm@5.0.4?type=jar</purl>
      <externalReferences>
        <reference type="website">
          <url>http://asm.objectweb.org/asm/</url>
        </reference>
        <reference type="distribution-intake">
          <url>http://repository.ow2.org/nexus/service/local/staging/deploy/maven2</url>
        </reference>
        <reference type="issue-tracker">
          <url>http://forge.objectweb.org/tracker/?group_id=23</url>
        </reference>
        <reference type="mailing-list">
          <url>http://www.objectweb.org/wws/arc/asm</url>
        </reference>
        <reference type="vcs">
          <url>http://svn.forge.objectweb.org/cgi-bin/viewcvs.cgi/asm/trunk/asm/</url>
        </reference>
      </externalReferences>
    </component>
    <component type="library" bom-ref="pkg:maven/biz.aQute.bnd/biz.aQute.bnd.annotation@7.1.0?type=jar">
      <publisher>Bndtools</publisher>
      <group>biz.aQute.bnd</group>
      <name>biz.aQute.bnd.annotation</name>
      <version>7.1.0</version>
      <description>bnd Annotations Library</description>
      <scope>required</scope>
      <hashes>
        <hash alg="MD5">664c398da304527f42ab13a0f8036025</hash>
        <hash alg="SHA-1">2f2be18c936d08cf46ea6cfa0043f34afdf38705</hash>
        <hash alg="SHA-256">f69c2de3a695c113d125ac8053c92a680a3ce9d02ea25845095cf2d4626a7663</hash>
        <hash alg="SHA-512">b29e68403ff0b0cd0efacf23a466390b922ef464f79b49c25518864839a1cd86329ace0a7214c6f0ce99056019d857301994bbb71dea0c35dd94511edd789ca4</hash>
        <hash alg="SHA-384">71a5290b7cde52d3cae668492cfb368c6955a176dd7442a93e0f26f2258806c56b45869436ad9f336ad3f7a316b45838</hash>
        <hash alg="SHA3-384">84c2757373413bfaedba04dc84329bf01b26c02a417d87674842f147a05e4001ed154efecc0f43d4473b8a7ba5175296</hash>
        <hash alg="SHA3-256">f3cd557e7b9b6f8996ea1006cce7d4b007fbd3b1fc27b62dacdece5e38988d9e</hash>
        <hash alg="SHA3-512">2059f5cb86d9d1b71479d2217107584fb0ff880f064a2cae0dd916d840e660314aaa746d4e6451c15ae56a500bc4e18191b40662ee4eda52aa3b0c33ea82c94b</hash>
      </hashes>
      <licenses>
        <license>
          <name>(Apache-2.0 OR EPL-2.0)</name>
          <url>https://opensource.org/licenses/Apache-2.0,https://opensource.org/licenses/EPL-2.0</url>
        </license>
      </licenses>
      <purl>pkg:maven/biz.aQute.bnd/biz.aQute.bnd.annotation@7.1.0?type=jar</purl>
      <externalReferences>
        <reference type="website">
          <url>https://bnd.bndtools.org/</url>
        </reference>
        <reference type="vcs">
          <url>https://github.com/bndtools/bnd</url>
        </reference>
      </externalReferences>
    </component>
    <component type="library" bom-ref="pkg:maven/org.osgi/org.osgi.resource@1.0.0?type=jar">
      <publisher>OSGi Alliance</publisher>
      <group>org.osgi</group>
      <name>org.osgi.resource</name>
      <version>1.0.0</version>
      <description>OSGi Companion Code for org.osgi.resource Version 1.0.0.</description>
      <scope>required</scope>
      <hashes>
        <hash alg="MD5">7d857a4203e2996fab0cf070133e43df</hash>
        <hash alg="SHA-1">343c88949132984b3f2d4175a72c40b77dc65619</hash>
        <hash alg="SHA-256">81fc50f1f1d38a4af28e131907d4afe213249aab05060484edca0e60c4af9b4a</hash>
        <hash alg="SHA-512">4e798790856f83f50832db80bfab64dfceeff1c509d7dde43e74a9f9192ea7a7d5ea77b9b1e81291fa6ba3dcef5ab8fa791ca8093a72a08d7ca6f6499e13e506</hash>
        <hash alg="SHA-384">73038c395166552b64b6b5469bd8056584f48d19b5762df2e8bd2770405ed8f6071e397a87d9a7ed39f8c2e0e8ab85b2</hash>
        <hash alg="SHA3-384">e06c8a460b3bf06d6cb22237aeffa6afd2eadd9461096c67b768a14603ad8aaa88f891d03cf0a273a99d86906c1c8eb3</hash>
        <hash alg="SHA3-256">1097cfd20e80ce368fd828a23ad7c32a202cebd92106f6ebb88ba55ca74349ee</hash>
        <hash alg="SHA3-512">d7b710e1e0484badb875f326c602c90df6705df48b0f057320919a5255d3ecbddd7053eabc68787480a70aebd7e553e9f51728112e1fa0846c849366b7e8d69b</hash>
      </hashes>
      <licenses>
        <license>
          <id>Apache-2.0</id>
        </license>
      </licenses>
      <purl>pkg:maven/org.osgi/org.osgi.resource@1.0.0?type=jar</purl>
      <externalReferences>
        <reference type="website">
          <url>http://www.osgi.org/</url>
        </reference>
        <reference type="vcs">
          <url>https://osgi.org/git/build.git</url>
        </reference>
      </externalReferences>
    </component>
    <component type="library" bom-ref="pkg:maven/org.osgi/org.osgi.service.serviceloader@1.0.0?type=jar">
      <publisher>OSGi Alliance</publisher>
      <group>org.osgi</group>
      <name>org.osgi.service.serviceloader</name>
      <version>1.0.0</version>
      <description>OSGi Companion Code for org.osgi.service.serviceloader Version 1.0.0.</description>
      <scope>required</scope>
      <hashes>
        <hash alg="MD5">4943f0102a6d893c4dd77f369a5f0537</hash>
        <hash alg="SHA-1">3728ff37909c6a3c1870b3e851342d9f2bd3cc63</hash>
        <hash alg="SHA-256">8f876ce2a9aa4e95b1f1952950255103e2487425050a654f3285447ba601c154</hash>
        <hash alg="SHA-512">a7def4cb7a8ed992645faa80a780e0b30bd39c1587b5bcb65fe170d10842d0d880c2849edd50c64807fe0e4b9cc0051337d1b161d0d390465d9e63a762861c49</hash>
        <hash alg="SHA-384">1e480694b8a541da4cd1e044d3f3ea3cd55152515ac022b80d865b6654242506c2138daabb4e71c30d36b12b9aaf676d</hash>
        <hash alg="SHA3-384">7f076af200ae9c2bd9f235b949aee01a1a758c8aac10fee8b98ec2497197d2029117d5627eb0eabd9b42979eb1baa009</hash>
        <hash alg="SHA3-256">83b1dce69c4c899176eb6e368e434ecb77dfed7c436530b8c5d08b9b6f2430aa</hash>
        <hash alg="SHA3-512">5debde53a7ead231dcd907467d59728f59cae4eb3b967c19808f78890bd97d2f04657cad9c093e88f9818338b0b3b38a57c66400ebcff61fbb26d18e9f7bf8ed</hash>
      </hashes>
      <licenses>
        <license>
          <id>Apache-2.0</id>
        </license>
      </licenses>
      <purl>pkg:maven/org.osgi/org.osgi.service.serviceloader@1.0.0?type=jar</purl>
      <externalReferences>
        <reference type="website">
          <url>http://www.osgi.org/</url>
        </reference>
        <reference type="vcs">
          <url>https://osgi.org/git/build.git</url>
        </reference>
      </externalReferences>
    </component>
    <component type="library" bom-ref="pkg:maven/com.google.errorprone/error_prone_annotations@2.37.0?type=jar">
      <publisher>Google LLC</publisher>
      <group>com.google.errorprone</group>
      <name>error_prone_annotations</name>
      <version>2.37.0</version>
      <description>Error Prone is a static analysis tool for Java that catches common programming mistakes at compile-time.</description>
      <scope>required</scope>
      <hashes>
        <hash alg="MD5">dce0a1c83d3dc06c2715c96e11d2c429</hash>
        <hash alg="SHA-1">8512660d1269d166fad497f51de35da61447f063</hash>
        <hash alg="SHA-256">d29a6263b48d46d4c7c28b64717a6d105b3e2a3e64256092f845e8e774fca6ba</hash>
        <hash alg="SHA-512">fc44571f9095764c3ba1a5372a2603aa7bc8557578bd11d6ceff70a237e7af5d55578706bf8413cb203573fea69199e208c527f5d4c8b171284c7b229324ed13</hash>
        <hash alg="SHA-384">fe53d02fbaa8bd20d225717b2b859df085487f4f3a84c5207308a77ab7593772194762b897ded223288805b948bdc7dc</hash>
        <hash alg="SHA3-384">dc0d42f714fe4b93f25160444f74fdb0ceab92bc01de68e413c069122aebc22cdfd70ab15138f881c6312b083681def7</hash>
        <hash alg="SHA3-256">9b1e2555cc8b66ab2d1dda37192574212f5b57347739edc74410322025e72299</hash>
        <hash alg="SHA3-512">b42c3e648b8db5796fa055e5ebf4735ef830c26d37696c69c69fffdab2c0c7199e5c139231a268732f4b11d6a790bba32cec3a8b42134d7d34d36062c57f38b2</hash>
      </hashes>
      <licenses>
        <license>
          <id>Apache-2.0</id>
        </license>
      </licenses>
      <purl>pkg:maven/com.google.errorprone/error_prone_annotations@2.37.0?type=jar</purl>
      <externalReferences>
        <reference type="website">
          <url>https://errorprone.info/error_prone_annotations</url>
        </reference>
        <reference type="vcs">
          <url>https://github.com/google/error-prone/error_prone_annotations</url>
        </reference>
      </externalReferences>
    </component>
    <component type="library" bom-ref="pkg:maven/org.osgi/org.osgi.annotation.bundle@2.0.0?type=jar">
      <publisher>Eclipse Foundation</publisher>
      <group>org.osgi</group>
      <name>org.osgi.annotation.bundle</name>
      <version>2.0.0</version>
      <description>OSGi Companion Code for org.osgi.annotation.bundle Version 2.0.0</description>
      <scope>required</scope>
      <hashes>
        <hash alg="MD5">19115314a0ce4cfb711a811dcc0be0a3</hash>
        <hash alg="SHA-1">f5c2cd6e670c3c5d440d3003efd5ef2ead5c68eb</hash>
        <hash alg="SHA-256">b9c9546ec5be3ebc2e85ba4919150ad76d64594805282fc895133a47d264a7ae</hash>
        <hash alg="SHA-512">f16b8983240ba3c08d6bc78e2eae92e89eb528f32a705961d90b463def0a5ed1ba08cc3d0be38b5dcfb946c6f759df772e122fb769e58e8c20aa79a489a1fd21</hash>
        <hash alg="SHA-384">88217b7d3a2d9a0a3f005162b95d68ba2bd29629688b2c32e93e4587d89fe6bd468f5c62ef422ebf2b609d402e62ff56</hash>
        <hash alg="SHA3-384">c7ee64dd3e235d900d01d8629b82245303d34a006e1edcd2571ef736d9c6256dcb718be326ad4909cb6d2cea26118ea9</hash>
        <hash alg="SHA3-256">9adcacb036caf30d17a13fcd5952a35e011678b1dbfabafdff73dba065ace8a3</hash>
        <hash alg="SHA3-512">76bec6bb2cdbc8da043760a7aedd51203c8d70b740c9b8de0ba6b0cf9ad991a58059566e7f62dee30606f32d267b2596d5bd5e885c73e336ae7fff6cf7f970db</hash>
      </hashes>
      <licenses>
        <license>
          <id>Apache-2.0</id>
          <url>https://www.apache.org/licenses/LICENSE-2.0</url>
        </license>
      </licenses>
      <purl>pkg:maven/org.osgi/org.osgi.annotation.bundle@2.0.0?type=jar</purl>
      <externalReferences>
        <reference type="website">
          <url>https://docs.osgi.org/</url>
        </reference>
        <reference type="vcs">
          <url>https://github.com/osgi/osgi</url>
        </reference>
      </externalReferences>
    </component>
    <component type="library" bom-ref="pkg:maven/org.osgi/org.osgi.annotation.versioning@1.1.2?type=jar">
      <publisher>Eclipse Foundation</publisher>
      <group>org.osgi</group>
      <name>org.osgi.annotation.versioning</name>
      <version>1.1.2</version>
      <description>OSGi Companion Code for org.osgi.annotation.versioning Version 1.1.2</description>
      <scope>required</scope>
      <hashes>
        <hash alg="MD5">a61b3b8d09c85ad296c61e21bf77ec70</hash>
        <hash alg="SHA-1">dc3cd4ec96c0b3c5459fe00694bd73a816ecf93e</hash>
        <hash alg="SHA-256">f51f235e80df8ffbc30ef1b557b6ea38a696632d675404ec117e952978b8b863</hash>
        <hash alg="SHA-512">a4c612bec624a168f25f0923d51925bbc914686673eeebd5b2442998b876f05855e2b0a6e6e9aca4a6533ed3156b0d24f94c3e508ee9778e1b2e469be318afa3</hash>
        <hash alg="SHA-384">68a2046f083a2e77304622a56d07c0e73ba88534af4a87b5428cebf8b638c40ce21bbac089a8b5520ad488c946b633ea</hash>
        <hash alg="SHA3-384">930734f6979650191d51cd8bf1f9ab4548d307950735aa98e2dbda7aecc19b49d01a3b968824f6df2ffafce65e122c60</hash>
        <hash alg="SHA3-256">513392d0e8ddd873d04c5cf4f402a9cfe094413832bb859fe37b70fd0512dd12</hash>
        <hash alg="SHA3-512">3d2bd7d2eb784a9fab4b09c42adb0722363079235340f1915bb82a99f1c5e616ee8f3dc34d2c90b941d2651dcb4f393c7fea3e23b579456a696604148d10f22b</hash>
      </hashes>
      <licenses>
        <license>
          <id>Apache-2.0</id>
          <url>https://www.apache.org/licenses/LICENSE-2.0</url>
        </license>
      </licenses>
      <purl>pkg:maven/org.osgi/org.osgi.annotation.versioning@1.1.2?type=jar</purl>
      <externalReferences>
        <reference type="website">
          <url>https://docs.osgi.org/</url>
        </reference>
        <reference type="vcs">
          <url>https://github.com/osgi/osgi</url>
        </reference>
      </externalReferences>
    </component>
    <component type="library" bom-ref="pkg:maven/com.github.spotbugs/spotbugs-annotations@4.9.3?type=jar">
      <group>com.github.spotbugs</group>
      <name>spotbugs-annotations</name>
      <version>4.9.3</version>
      <description>Annotations the SpotBugs tool supports</description>
      <scope>required</scope>
      <hashes>
        <hash alg="MD5">6149845e438bd5a34ebaf81f8bc9e243</hash>
        <hash alg="SHA-1">4d362bffcfdfd734999e94d7d98fde678aae71cf</hash>
        <hash alg="SHA-256">13532bfe2f45fcd491432221df72d9cd0efb8f987c9245e12befa192c8925ce3</hash>
        <hash alg="SHA-512">78a74a014eafff94b16fdba52eac7e8a689cada2ef14d0c230412b904231d576cae49571aec95ea7ab9fb10d0defbc8b356007180320fcbc8b3635bd4b3be0b0</hash>
        <hash alg="SHA-384">1cba6d4013aaad6bf620fb76b7eee278964771cee1d9b849ce5643728cdb75689a4e45c2278892f4379cb9c05d847ecc</hash>
        <hash alg="SHA3-384">3cf6d8d62cab5806a08291b8459f480879bec229935f538dff421566fde135a617bf6d3629f4ca2a183068f4e8923c7d</hash>
        <hash alg="SHA3-256">86fad9ff61ee413170b0368320c0a8cfab3e260ea054564b80ded970657876c3</hash>
        <hash alg="SHA3-512">0ceaddd802f486761a9fd11754f2adf3c8aac48289fc98a042b742131c7c6efb8f08771d6b169e3b6fdafb8e7a09882bc0f759a3c849d4dff919e0b7e8e33eab</hash>
      </hashes>
      <licenses>
        <license>
          <id>LGPL-2.1-only</id>
        </license>
      </licenses>
      <purl>pkg:maven/com.github.spotbugs/spotbugs-annotations@4.9.3?type=jar</purl>
      <externalReferences>
        <reference type="website">
          <url>https://spotbugs.github.io/</url>
        </reference>
        <reference type="vcs">
          <url>https://github.com/spotbugs/spotbugs/</url>
        </reference>
      </externalReferences>
    </component>
    <component type="library" bom-ref="pkg:maven/com.google.code.findbugs/jsr305@3.0.2?type=jar">
      <group>com.google.code.findbugs</group>
      <name>jsr305</name>
      <version>3.0.2</version>
      <description>JSR305 Annotations for Findbugs</description>
      <scope>required</scope>
      <hashes>
        <hash alg="MD5">dd83accb899363c32b07d7a1b2e4ce40</hash>
        <hash alg="SHA-1">25ea2e8b0c338a877313bd4672d3fe056ea78f0d</hash>
        <hash alg="SHA-256">766ad2a0783f2687962c8ad74ceecc38a28b9f72a2d085ee438b7813e928d0c7</hash>
        <hash alg="SHA-512">bb09db62919a50fa5b55906013be6ca4fc7acb2e87455fac5eaf9ede2e41ce8bbafc0e5a385a561264ea4cd71bbbd3ef5a45e02d63277a201d06a0ae1636f804</hash>
        <hash alg="SHA-384">ca0b169d3eb2d0922dc031133a021f861a043bb3e405a88728215fd6ff00fa52fdc7347842dcc2031472e3726164bdc4</hash>
        <hash alg="SHA3-384">9903fd7505218999f8262efedb3d935d64bcef84aae781064ab5e1b24755466b269517cada562fa140cd1d417ede57a1</hash>
        <hash alg="SHA3-256">223fda9a89a461afaae73b177a2dc20ed4a90f2f8757f5c65f3241b0510f00ff</hash>
        <hash alg="SHA3-512">3996b5af57a5d5c6a0cd62b11773360fb051dd86a2ba968476806a2a5d32049b82d69a24a3c694e8fe4d735be6a28e41000cc500cc2a9fb577e058045855d2d6</hash>
      </hashes>
      <licenses>
        <license>
          <id>Apache-2.0</id>
        </license>
      </licenses>
      <purl>pkg:maven/com.google.code.findbugs/jsr305@3.0.2?type=jar</purl>
      <externalReferences>
        <reference type="website">
          <url>http://findbugs.sourceforge.net/</url>
        </reference>
        <reference type="distribution-intake">
          <url>https://oss.sonatype.org/service/local/staging/deploy/maven2/</url>
        </reference>
        <reference type="vcs">
          <url>https://code.google.com/p/jsr-305/</url>
        </reference>
      </externalReferences>
    </component>
  </components>
  <dependencies>
    <dependency ref="pkg:maven/org.apache.logging.log4j/log4j-cassandra@2.25.0?type=jar">
      <dependency ref="pkg:maven/org.apache.logging.log4j/log4j-core@2.25.0?type=jar"/>
      <dependency ref="pkg:maven/com.datastax.cassandra/cassandra-driver-core@3.11.5?type=jar"/>
      <dependency ref="pkg:maven/biz.aQute.bnd/biz.aQute.bnd.annotation@7.1.0?type=jar"/>
      <dependency ref="pkg:maven/com.google.errorprone/error_prone_annotations@2.37.0?type=jar"/>
      <dependency ref="pkg:maven/org.osgi/org.osgi.annotation.bundle@2.0.0?type=jar"/>
      <dependency ref="pkg:maven/org.osgi/org.osgi.annotation.versioning@1.1.2?type=jar"/>
      <dependency ref="pkg:maven/com.github.spotbugs/spotbugs-annotations@4.9.3?type=jar"/>
    </dependency>
    <dependency ref="pkg:maven/org.apache.logging.log4j/log4j-core@2.25.0?type=jar">
      <dependency ref="pkg:maven/org.apache.logging.log4j/log4j-api@2.25.0?type=jar"/>
    </dependency>
    <dependency ref="pkg:maven/org.apache.logging.log4j/log4j-api@2.25.0?type=jar"/>
    <dependency ref="pkg:maven/com.datastax.cassandra/cassandra-driver-core@3.11.5?type=jar">
      <dependency ref="pkg:maven/io.netty/netty-handler@4.1.94.Final?type=jar"/>
      <dependency ref="pkg:maven/com.google.guava/guava@25.1-jre?type=jar"/>
      <dependency ref="pkg:maven/io.dropwizard.metrics/metrics-core@3.2.2?type=jar"/>
      <dependency ref="pkg:maven/org.slf4j/slf4j-api@1.7.25?type=jar"/>
      <dependency ref="pkg:maven/com.github.jnr/jnr-ffi@2.2.17?type=jar"/>
      <dependency ref="pkg:maven/com.github.jnr/jnr-posix@3.0.44?type=jar"/>
      <dependency ref="pkg:maven/com.fasterxml.jackson.core/jackson-databind@2.19.0?type=jar"/>
    </dependency>
    <dependency ref="pkg:maven/io.netty/netty-handler@4.1.94.Final?type=jar">
      <dependency ref="pkg:maven/io.netty/netty-common@4.1.94.Final?type=jar"/>
      <dependency ref="pkg:maven/io.netty/netty-resolver@4.1.94.Final?type=jar"/>
      <dependency ref="pkg:maven/io.netty/netty-buffer@4.1.94.Final?type=jar"/>
      <dependency ref="pkg:maven/io.netty/netty-transport@4.1.94.Final?type=jar"/>
      <dependency ref="pkg:maven/io.netty/netty-transport-native-unix-common@4.1.94.Final?type=jar"/>
      <dependency ref="pkg:maven/io.netty/netty-codec@4.1.94.Final?type=jar"/>
    </dependency>
    <dependency ref="pkg:maven/io.netty/netty-common@4.1.94.Final?type=jar"/>
    <dependency ref="pkg:maven/io.netty/netty-resolver@4.1.94.Final?type=jar">
      <dependency ref="pkg:maven/io.netty/netty-common@4.1.94.Final?type=jar"/>
    </dependency>
    <dependency ref="pkg:maven/io.netty/netty-buffer@4.1.94.Final?type=jar">
      <dependency ref="pkg:maven/io.netty/netty-common@4.1.94.Final?type=jar"/>
    </dependency>
    <dependency ref="pkg:maven/io.netty/netty-transport@4.1.94.Final?type=jar">
      <dependency ref="pkg:maven/io.netty/netty-common@4.1.94.Final?type=jar"/>
      <dependency ref="pkg:maven/io.netty/netty-buffer@4.1.94.Final?type=jar"/>
      <dependency ref="pkg:maven/io.netty/netty-resolver@4.1.94.Final?type=jar"/>
    </dependency>
    <dependency ref="pkg:maven/io.netty/netty-transport-native-unix-common@4.1.94.Final?type=jar">
      <dependency ref="pkg:maven/io.netty/netty-common@4.1.94.Final?type=jar"/>
      <dependency ref="pkg:maven/io.netty/netty-buffer@4.1.94.Final?type=jar"/>
      <dependency ref="pkg:maven/io.netty/netty-transport@4.1.94.Final?type=jar"/>
    </dependency>
    <dependency ref="pkg:maven/io.netty/netty-codec@4.1.94.Final?type=jar">
      <dependency ref="pkg:maven/io.netty/netty-common@4.1.94.Final?type=jar"/>
      <dependency ref="pkg:maven/io.netty/netty-buffer@4.1.94.Final?type=jar"/>
      <dependency ref="pkg:maven/io.netty/netty-transport@4.1.94.Final?type=jar"/>
    </dependency>
    <dependency ref="pkg:maven/com.google.guava/guava@25.1-jre?type=jar">
      <dependency ref="pkg:maven/com.google.code.findbugs/jsr305@3.0.2?type=jar"/>
      <dependency ref="pkg:maven/org.checkerframework/checker-qual@2.0.0?type=jar"/>
      <dependency ref="pkg:maven/com.google.errorprone/error_prone_annotations@2.37.0?type=jar"/>
      <dependency ref="pkg:maven/com.google.j2objc/j2objc-annotations@1.1?type=jar"/>
      <dependency ref="pkg:maven/org.codehaus.mojo/animal-sniffer-annotations@1.14?type=jar"/>
    </dependency>
    <dependency ref="pkg:maven/com.google.code.findbugs/jsr305@3.0.2?type=jar"/>
    <dependency ref="pkg:maven/org.checkerframework/checker-qual@2.0.0?type=jar"/>
    <dependency ref="pkg:maven/com.google.errorprone/error_prone_annotations@2.37.0?type=jar"/>
    <dependency ref="pkg:maven/com.google.j2objc/j2objc-annotations@1.1?type=jar"/>
    <dependency ref="pkg:maven/org.codehaus.mojo/animal-sniffer-annotations@1.14?type=jar"/>
    <dependency ref="pkg:maven/io.dropwizard.metrics/metrics-core@3.2.2?type=jar">
      <dependency ref="pkg:maven/org.slf4j/slf4j-api@1.7.25?type=jar"/>
    </dependency>
    <dependency ref="pkg:maven/org.slf4j/slf4j-api@1.7.25?type=jar"/>
    <dependency ref="pkg:maven/com.github.jnr/jnr-ffi@2.2.17?type=jar">
      <dependency ref="pkg:maven/com.github.jnr/jffi@1.3.13?type=jar"/>
      <dependency ref="pkg:maven/com.github.jnr/jffi@1.3.13?classifier=native&amp;type=jar"/>
      <dependency ref="pkg:maven/org.ow2.asm/asm@5.0.4?type=jar"/>
      <dependency ref="pkg:maven/org.ow2.asm/asm-commons@9.7.1?type=jar"/>
      <dependency ref="pkg:maven/org.ow2.asm/asm-analysis@9.7.1?type=jar"/>
      <dependency ref="pkg:maven/org.ow2.asm/asm-tree@9.7.1?type=jar"/>
      <dependency ref="pkg:maven/org.ow2.asm/asm-util@9.7.1?type=jar"/>
      <dependency ref="pkg:maven/com.github.jnr/jnr-a64asm@1.0.0?type=jar"/>
      <dependency ref="pkg:maven/com.github.jnr/jnr-x86asm@1.0.2?type=jar"/>
    </dependency>
    <dependency ref="pkg:maven/com.github.jnr/jffi@1.3.13?type=jar"/>
    <dependency ref="pkg:maven/com.github.jnr/jffi@1.3.13?classifier=native&amp;type=jar"/>
    <dependency ref="pkg:maven/org.ow2.asm/asm@5.0.4?type=jar"/>
    <dependency ref="pkg:maven/org.ow2.asm/asm-commons@9.7.1?type=jar">
      <dependency ref="pkg:maven/org.ow2.asm/asm@5.0.4?type=jar"/>
      <dependency ref="pkg:maven/org.ow2.asm/asm-tree@9.7.1?type=jar"/>
    </dependency>
    <dependency ref="pkg:maven/org.ow2.asm/asm-tree@9.7.1?type=jar">
      <dependency ref="pkg:maven/org.ow2.asm/asm@5.0.4?type=jar"/>
    </dependency>
    <dependency ref="pkg:maven/org.ow2.asm/asm-analysis@9.7.1?type=jar">
      <dependency ref="pkg:maven/org.ow2.asm/asm-tree@9.7.1?type=jar"/>
    </dependency>
    <dependency ref="pkg:maven/org.ow2.asm/asm-util@9.7.1?type=jar">
      <dependency ref="pkg:maven/org.ow2.asm/asm@5.0.4?type=jar"/>
      <dependency ref="pkg:maven/org.ow2.asm/asm-tree@9.7.1?type=jar"/>
      <dependency ref="pkg:maven/org.ow2.asm/asm-analysis@9.7.1?type=jar"/>
    </dependency>
    <dependency ref="pkg:maven/com.github.jnr/jnr-a64asm@1.0.0?type=jar"/>
    <dependency ref="pkg:maven/com.github.jnr/jnr-x86asm@1.0.2?type=jar"/>
    <dependency ref="pkg:maven/com.github.jnr/jnr-posix@3.0.44?type=jar">
      <dependency ref="pkg:maven/com.github.jnr/jnr-ffi@2.2.17?type=jar"/>
      <dependency ref="pkg:maven/com.github.jnr/jnr-constants@0.9.9?type=jar"/>
    </dependency>
    <dependency ref="pkg:maven/com.github.jnr/jnr-constants@0.9.9?type=jar"/>
    <dependency ref="pkg:maven/com.fasterxml.jackson.core/jackson-databind@2.19.0?type=jar">
      <dependency ref="pkg:maven/com.fasterxml.jackson.core/jackson-annotations@2.19.0?type=jar"/>
      <dependency ref="pkg:maven/com.fasterxml.jackson.core/jackson-core@2.19.0?type=jar"/>
    </dependency>
    <dependency ref="pkg:maven/com.fasterxml.jackson.core/jackson-annotations@2.19.0?type=jar"/>
    <dependency ref="pkg:maven/com.fasterxml.jackson.core/jackson-core@2.19.0?type=jar"/>
    <dependency ref="pkg:maven/biz.aQute.bnd/biz.aQute.bnd.annotation@7.1.0?type=jar">
      <dependency ref="pkg:maven/org.osgi/org.osgi.resource@1.0.0?type=jar"/>
      <dependency ref="pkg:maven/org.osgi/org.osgi.service.serviceloader@1.0.0?type=jar"/>
    </dependency>
    <dependency ref="pkg:maven/org.osgi/org.osgi.resource@1.0.0?type=jar"/>
    <dependency ref="pkg:maven/org.osgi/org.osgi.service.serviceloader@1.0.0?type=jar"/>
    <dependency ref="pkg:maven/org.osgi/org.osgi.annotation.bundle@2.0.0?type=jar">
      <dependency ref="pkg:maven/org.osgi/org.osgi.annotation.versioning@1.1.2?type=jar"/>
    </dependency>
    <dependency ref="pkg:maven/org.osgi/org.osgi.annotation.versioning@1.1.2?type=jar"/>
    <dependency ref="pkg:maven/com.github.spotbugs/spotbugs-annotations@4.9.3?type=jar">
      <dependency ref="pkg:maven/com.google.code.findbugs/jsr305@3.0.2?type=jar"/>
    </dependency>
  </dependencies>
</bom>
